id_departamento,id_distrito,descripcion
201.0.0,201.0,0-ASUNCION
201.1.9,201.1,9-YBY YA’U
201.2.0,201.2,0-SAN PEDRO DEL YCUAMANDYJU
201.3.0,201.3,0-CAACUPE
201.4.1,201.4,1-BORJA
201.6.0,201.6,0-CAAZAPA
201.7.0,201.7,0-ENCARNACION 
201.8.0,201.8,0-SAN JUAN BAUTISTA
201.9.15,201.9,15-PIRAYU
201.10.0,201.10,0-CIUDAD DEL ESTE
201.11.1,201.11,1-CAPIATA
201.11.3,201.11,3-FERNANDO DE LA MORA
201.12.0,201.12,0-PILAR 
201.13.0,201.13,0-PEDRO J. CABALLERO
201.14.3,201.14,3-FRANCISCO CABALLERO ALVAREZ
201.15.0,201.15,0-VILLA HAYES
204.0.0,204.0,0-ASUNCION
204.1.0,204.1,0-CONCEPCION
204.2.21,204.2,21-SAN ESTANISLAO
204.3.0,204.3,0-CAACUPE
204.4.0,204.4,0-VILLARRICA
204.5.0,204.5,0-CORONEL OVIEDO
204.6.0,204.6,0-CAAZAPA
204.7.0,204.7,0-ENCARNACION 
204.8.0,204.8,0-SAN JUAN BAUTISTA
204.9.0,204.9,0-PARAGUARI
204.10.0,204.10,0-CIUDAD DEL ESTE
204.11.3,204.11,3-FERNANDO DE LA MORA
204.12.0,204.12,0-PILAR 
204.13.0,204.13,0-PEDRO J. CABALLERO
204.14.0,204.14,0-SALTO DEL GUAIRA
204.15.0,204.15,0-VILLA HAYES
205.0.0,205.0,0-ASUNCION
205.3.0,205.3,0-CAACUPE
205.3.27,205.3,27-PIRIBEBUY
205.6.15,205.6,15-TAVAI
205.7.0,205.7,0-ENCARNACION 
205.9.1,205.9,1-ACAHAY
205.10.0,205.10,0-CIUDAD DEL ESTE
205.11.1,205.11,1-CAPIATA
205.11.13,205.11,13-LAMBARE
205.11.17,205.11,17-LUQUE
205.15.0,205.15,0-VILLA HAYES
205.15.1,205.15,1-BENJAMIN ACEVAL
206.4.0,206.4,0-VILLARRICA
206.11.35,206.11,35-YPANE
207.0.0,207.0,0-ASUNCION
207.1.11,207.1,11-ARROYITO
207.2.9,207.2,9-GRAL. ELIZARDO AQUINO
207.3.35,207.3,35-TOBATI
207.4.30,207.4,30-TEBICUARY
207.5.3,207.5,3-CAAGUAZU
207.6.17,207.6,17-YUTY
207.7.0,207.7,0-ENCARNACION 
207.8.3,207.8,3-SAN IGNACIO
207.9.5,207.9,5-CARAPEGUA
207.10.25,207.10,25-PRESIDENTE FRANCO
207.11.27,207.11,27-SAN LORENZO
207.12.0,207.12,0-PILAR 
207.13.0,207.13,0-PEDRO J. CABALLERO
207.14.3,207.14,3-FRANCISCO CABALLERO ALVAREZ
207.15.5,207.15,5-NANAWA 
207.16.0,207.16,0-FUERTE OLIMPO
207.17.0,207.17,0-FILADELFIA 
208.0.0,208.0,0-ASUNCION
208.2.0,208.2,0-SAN PEDRO DEL YCUAMANDYJU
208.5.0,208.5,0-CORONEL OVIEDO
208.10.0,208.10,0-CIUDAD DEL ESTE
208.11.9,208.11,9-ITAUGUA
210.0.0,210.0,0-ASUNCION
210.1.0,210.1,0-CONCEPCION
210.2.13,210.2,13-GUAJAYVI
210.3.0,210.3,0-CAACUPE
210.4.0,210.4,0-VILLARRICA
210.5.3,210.5,3-CAAGUAZU
210.6.0,210.6,0-CAAZAPA
210.9.1,210.9,1-ACAHAY
210.11.1,210.11,1-CAPIATA
210.14.13,210.14,13-SAN ISIDRO CURUGUATY
210.15.0,210.15,0-VILLA HAYES
211.0.0,211.0,0-ASUNCION
211.1.0,211.1,0-CONCEPCION
211.2.13,211.2,13-GUAJAYVI
211.2.21,211.2,21-SAN ESTANISLAO
211.3.0,211.3,0-CAACUPE
211.4.0,211.4,0-VILLARRICA
211.5.0,211.5,0-CORONEL OVIEDO
211.5.3,211.5,3-CAAGUAZU
211.6.13,211.6,13-SAN JUAN NEPOMUCENO
211.7.0,211.7,0-ENCARNACION 
211.7.49,211.7,49-SAN PEDRO DEL PARANA
211.8.0,211.8,0-SAN JUAN BAUTISTA
211.9.5,211.9,5-CARAPEGUA
211.10.0,211.10,0-CIUDAD DEL ESTE
211.11.3,211.11,3-FERNANDO DE LA MORA
211.12.0,211.12,0-PILAR 
211.13.0,211.13,0-PEDRO J. CABALLERO
211.14.0,211.14,0-SALTO DEL GUAIRA
211.15.0,211.15,0-VILLA HAYES
211.16.0,211.16,0-FUERTE OLIMPO
211.17.1,211.17,1-LOMA PLATA
211.17.3,211.17,3-MCAL.ESTIGARRIBIA
212.0.0,212.0,0-ASUNCION
212.1.0,212.1,0-CONCEPCION
212.1.11,212.1,11-ARROYITO
212.3.0,212.3,0-CAACUPE
212.4.0,212.4,0-VILLARRICA
212.5.25,212.5,25-REPATRIACION
212.6.0,212.6,0-CAAZAPA
212.7.0,212.7,0-ENCARNACION 
212.8.3,212.8,3-SAN IGNACIO
212.9.11,212.9,11-LA COLMENA
212.10.0,212.10,0-CIUDAD DEL ESTE
212.11.17,212.11,17-LUQUE
212.12.0,212.12,0-PILAR 
212.13.0,212.13,0-PEDRO J. CABALLERO
212.14.13,212.14,13-SAN ISIDRO CURUGUATY
212.16.0,212.16,0-FUERTE OLIMPO
212.17.3,212.17,3-MCAL.ESTIGARRIBIA
213.0.0,213.0,0-ASUNCION
213.1.11,213.1,11-ARROYITO
213.2.24,213.2,24-SANTA ROSA DEL AGUARAY
213.3.0,213.3,0-CAACUPE
213.4.13,213.4,13-INDEPENDENCIA
213.5.3,213.5,3-CAAGUAZU
213.6.13,213.6,13-SAN JUAN NEPOMUCENO
213.7.0,213.7,0-ENCARNACION 
213.9.0,213.9,0-PARAGUARI
213.10.0,213.10,0-CIUDAD DEL ESTE
213.11.27,213.11,27-SAN LORENZO
213.12.0,213.12,0-PILAR 
213.13.0,213.13,0-PEDRO J. CABALLERO
213.14.0,213.14,0-SALTO DEL GUAIRA
213.15.0,213.15,0-VILLA HAYES
213.16.3,213.16,3-BAHIA NEGRA
213.17.3,213.17,3-MCAL.ESTIGARRIBIA
215.0.0,215.0,0-ASUNCION
215.7.0,215.7,0-ENCARNACION 
215.10.0,215.10,0-CIUDAD DEL ESTE
215.11.27,215.11,27-SAN LORENZO
215.14.16,215.14,16-YASY CAÑY
215.17.3,215.17,3-MCAL.ESTIGARRIBIA
216.0.0,216.0,0-ASUNCION
216.2.5,216.2,5-CAPIIBARY
216.2.11,216.2,11-GRAL. F. RESQUIN
216.4.0,216.4,0-VILLARRICA
216.5.13,216.5,13-JOSE DOMINGO OCAMPO
216.6.17,216.6,17-YUTY
216.7.0,216.7,0-ENCARNACION 
216.7.17,216.7,17-EDELIRA
216.9.9,216.9,9-GRAL. BERNARDINO CABALLERO
216.9.21,216.9,21-SAN ROQUE GONZALEZ DE SANTA CRUZ
216.10.0,216.10,0-CIUDAD DEL ESTE
216.11.27,216.11,27-SAN LORENZO
216.12.3,216.12,3-CERRITO
216.13.0,216.13,0-PEDRO J. CABALLERO
216.14.16,216.14,16-YASY CAÑY
216.15.0,216.15,0-VILLA HAYES
217.0.0,217.0,0-ASUNCION
217.2.13,217.2,13-GUAJAYVI
217.4.0,217.4,0-VILLARRICA
217.5.3,217.5,3-CAAGUAZU
217.6.0,217.6,0-CAAZAPA
217.7.0,217.7,0-ENCARNACION 
217.10.0,217.10,0-CIUDAD DEL ESTE
217.11.23,217.11,23-ÑEMBY
217.13.0,217.13,0-PEDRO J. CABALLERO
217.15.0,217.15,0-VILLA HAYES
217.16.1,217.16,1-PUERTO CASADO
217.17.0,217.17,0-FILADELFIA 
218.0.0,218.0,0-ASUNCION
218.1.0,218.1,0-CONCEPCION
218.2.16,218.2,16-LIBERACION
218.4.0,218.4,0-VILLARRICA
218.5.3,218.5,3-CAAGUAZU
218.6.0,218.6,0-CAAZAPA
218.7.0,218.7,0-ENCARNACION 
218.8.0,218.8,0-SAN JUAN BAUTISTA
218.9.0,218.9,0-PARAGUARI
218.10.0,218.10,0-CIUDAD DEL ESTE
218.11.23,218.11,23-ÑEMBY
218.12.0,218.12,0-PILAR 
218.14.16,218.14,16-YASY CAÑY
218.15.9,218.15,9-TTE. IRALA FERNANDEZ
218.17.3,218.17,3-MCAL.ESTIGARRIBIA
219.0.0,219.0,0-ASUNCION
219.1.0,219.1,0-CONCEPCION
219.2.0,219.2,0-SAN PEDRO DEL YCUAMANDYJU
219.3.0,219.3,0-CAACUPE
219.5.0,219.5,0-CORONEL OVIEDO
219.7.0,219.7,0-ENCARNACION 
219.8.0,219.8,0-SAN JUAN BAUTISTA
219.9.0,219.9,0-PARAGUARI
219.10.0,219.10,0-CIUDAD DEL ESTE
219.10.27,219.10,27-SAN ALBERTO
219.15.0,219.15,0-VILLA HAYES
220.0.0,220.0,0-ASUNCION
220.1.0,220.1,0-CONCEPCION
220.2.21,220.2,21-SAN ESTANISLAO
220.3.0,220.3,0-CAACUPE
220.4.0,220.4,0-VILLARRICA
220.5.0,220.5,0-CORONEL OVIEDO
220.6.0,220.6,0-CAAZAPA
220.7.0,220.7,0-ENCARNACION 
220.8.0,220.8,0-SAN JUAN BAUTISTA
220.9.0,220.9,0-PARAGUARI
220.10.0,220.10,0-CIUDAD DEL ESTE
220.11.27,220.11,27-SAN LORENZO
220.12.0,220.12,0-PILAR 
220.13.0,220.13,0-PEDRO J. CABALLERO
220.14.0,220.14,0-SALTO DEL GUAIRA
220.15.0,220.15,0-VILLA HAYES
220.16.0,220.16,0-FUERTE OLIMPO
220.17.0,220.17,0-FILADELFIA 
221.0.0,221.0,0-ASUNCION
221.1.3,221.1,3-HORQUETA 
221.1.11,221.1,11-ARROYITO
221.2.9,221.2,9-GRAL. ELIZARDO AQUINO
221.2.21,221.2,21-SAN ESTANISLAO
221.2.22,221.2,22-SAN VICENTE PANCHOLO
221.2.24,221.2,24-SANTA ROSA DEL AGUARAY
221.4.13,221.4,13-INDEPENDENCIA
221.4.19,221.4,19-JOSE A. FASSARDI
221.5.3,221.5,3-CAAGUAZU
221.5.25,221.5,25-REPATRIACION
221.5.27,221.5,27-SAN JOAQUIN
221.6.13,221.6,13-SAN JUAN NEPOMUCENO
221.7.1,221.7,1-ALTO VERA
221.7.23,221.7,23-GENERAL DELGADO
221.8.7,221.8,7-SAN PATRICIO
221.8.11,221.8,11-SANTA ROSA
221.9.5,221.9,5-CARAPEGUA
221.9.23,221.9,23-SAPUCAI
221.11.7,221.11,7-ITA
221.11.9,221.11,9-ITAUGUA
221.14.12,221.14,12-MARACANA
221.14.13,221.14,13-SAN ISIDRO CURUGUATY
222.7.0,222.7,0-ENCARNACION 
222.11.27,222.11,27-SAN LORENZO
222.15.0,222.15,0-VILLA HAYES
223.0.0,223.0,0-ASUNCION
223.1.0,223.1,0-CONCEPCION
223.2.0,223.2,0-SAN PEDRO DEL YCUAMANDYJU
223.2.16,223.2,16-LIBERACION
223.7.0,223.7,0-ENCARNACION 
223.7.17,223.7,17-EDELIRA
223.11.0,223.11,0-AREGUA
223.11.13,223.11,13-LAMBARE
224.0.0,224.0,0-ASUNCION
224.1.3,224.1,3-HORQUETA 
224.2.16,224.2,16-LIBERACION
224.3.0,224.3,0-CAACUPE
224.4.17,224.4,17-ITURBE
224.5.3,224.5,3-CAAGUAZU
224.6.0,224.6,0-CAAZAPA
224.7.0,224.7,0-ENCARNACION 
224.8.1,224.8,1-AYOLAS
224.9.17,224.9,17-QUIINDY
224.11.27,224.11,27-SAN LORENZO
224.12.0,224.12,0-PILAR 
224.13.0,224.13,0-PEDRO J. CABALLERO
224.14.11,224.14,11-NUEVA ESPERANZA
225.0.0,225.0,0-ASUNCION
225.5.11,225.5,11-DR. JUAN M. FRUTOS
225.7.0,225.7,0-ENCARNACION 
225.9.0,225.9,0-PARAGUARI
225.10.0,225.10,0-CIUDAD DEL ESTE
225.11.27,225.11,27-SAN LORENZO
225.14.7,225.14,7-KATUETE
226.0.0,226.0,0-ASUNCION
226.1.3,226.1,3-HORQUETA 
226.2.24,226.2,24-SANTA ROSA DEL AGUARAY
226.3.13,226.3,13-EUSEBIO AYALA
226.4.27,226.4,27-PASO YOBAI
226.5.3,226.5,3-CAAGUAZU
226.6.11,226.6,11-MACIEL
226.7.0,226.7,0-ENCARNACION 
226.8.0,226.8,0-SAN JUAN BAUTISTA
226.9.5,226.9,5-CARAPEGUA
226.10.0,226.10,0-CIUDAD DEL ESTE
226.11.25,226.11,25-SAN ANTONIO
226.12.0,226.12,0-PILAR 
226.13.0,226.13,0-PEDRO J. CABALLERO
226.14.17,226.14,17-YPE JHU
226.15.1,226.15,1-BENJAMIN ACEVAL
226.16.1,226.16,1-PUERTO CASADO
226.17.0,226.17,0-FILADELFIA 
227.0.0,227.0,0-ASUNCION
227.11.29,227.11,29-VILLA ELISA
227.14.1,227.14,1-CORPUS CHRISTI
227.17.3,227.17,3-MCAL.ESTIGARRIBIA
228.0.0,228.0,0-ASUNCION
228.1.0,228.1,0-CONCEPCION
228.2.0,228.2,0-SAN PEDRO DEL YCUAMANDYJU
228.3.0,228.3,0-CAACUPE
228.4.0,228.4,0-VILLARRICA
228.5.0,228.5,0-CORONEL OVIEDO
228.6.0,228.6,0-CAAZAPA
228.7.0,228.7,0-ENCARNACION 
228.8.0,228.8,0-SAN JUAN BAUTISTA
228.9.0,228.9,0-PARAGUARI
228.10.0,228.10,0-CIUDAD DEL ESTE
228.11.1,228.11,1-CAPIATA
195.0.0,195.0,0-ASUNCION
228.12.0,228.12,0-PILAR 
228.13.0,228.13,0-PEDRO J. CABALLERO
228.14.13,228.14,13-SAN ISIDRO CURUGUATY
228.15.0,228.15,0-VILLA HAYES
228.16.1,228.16,1-PUERTO CASADO
228.17.1,228.17,1-LOMA PLATA
229.0.0,229.0,0-ASUNCION
229.1.0,229.1,0-CONCEPCION
229.2.13,229.2,13-GUAJAYVI
229.3.0,229.3,0-CAACUPE
229.4.0,229.4,0-VILLARRICA
229.5.3,229.5,3-CAAGUAZU
229.6.0,229.6,0-CAAZAPA
229.7.0,229.7,0-ENCARNACION 
229.8.0,229.8,0-SAN JUAN BAUTISTA
229.9.1,229.9,1-ACAHAY
229.10.0,229.10,0-CIUDAD DEL ESTE
229.11.1,229.11,1-CAPIATA
229.12.0,229.12,0-PILAR 
229.13.0,229.13,0-PEDRO J. CABALLERO
229.14.13,229.14,13-SAN ISIDRO CURUGUATY
229.15.0,229.15,0-VILLA HAYES
229.16.0,229.16,0-FUERTE OLIMPO
229.17.0,229.17,0-FILADELFIA 
230.0.0,230.0,0-ASUNCION
230.2.31,230.2,31-YATAITY DEL NORTE
230.3.0,230.3,0-CAACUPE
230.4.27,230.4,27-PASO YOBAI
230.5.0,230.5,0-CORONEL OVIEDO
230.6.1,230.6,1-ABAI
230.6.13,230.6,13-SAN JUAN NEPOMUCENO
230.8.3,230.8,3-SAN IGNACIO
230.9.13,230.9,13-MBUYAPEY
230.10.25,230.10,25-PRESIDENTE FRANCO
230.11.27,230.11,27-SAN LORENZO
230.14.13,230.14,13-SAN ISIDRO CURUGUATY
230.15.0,230.15,0-VILLA HAYES
231.0.0,231.0,0-ASUNCION
231.1.0,231.1,0-CONCEPCION
231.1.3,231.1,3-HORQUETA 
231.2.0,231.2,0-SAN PEDRO DEL YCUAMANDYJU
231.2.2,231.2,2-25 DE DICIEMBRE 
231.2.7,231.2,7-CHORE
231.2.9,231.2,9-GRAL. ELIZARDO AQUINO
231.2.13,231.2,13-GUAJAYVI
231.2.16,231.2,16-LIBERACION
231.2.21,231.2,21-SAN ESTANISLAO
231.2.24,231.2,24-SANTA ROSA DEL AGUARAY
231.3.0,231.3,0-CAACUPE
231.3.13,231.3,13-EUSEBIO AYALA
231.3.27,231.3,27-PIRIBEBUY
231.3.29,231.3,29-SAN BERNARDINO
231.4.0,231.4,0-VILLARRICA
231.5.0,231.5,0-CORONEL OVIEDO
231.5.1,231.5,1-3 DE FEBRERO
231.5.3,231.5,3-CAAGUAZU
231.5.25,231.5,25-REPATRIACION
231.6.0,231.6,0-CAAZAPA
231.6.13,231.6,13-SAN JUAN NEPOMUCENO
231.7.0,231.7,0-ENCARNACION 
231.8.0,231.8,0-SAN JUAN BAUTISTA
231.8.3,231.8,3-SAN IGNACIO
231.9.0,231.9,0-PARAGUARI
231.9.5,231.9,5-CARAPEGUA
231.9.13,231.9,13-MBUYAPEY
231.10.0,231.10,0-CIUDAD DEL ESTE
231.10.1,231.10,1-DR. J. L. MALLORQUIN
231.10.5,231.10,5-HERNANDARIAS
231.10.9,231.10,9-ITAKYRY
231.10.11,231.10,11-JUAN E. O’LEARY
231.10.17,231.10,17-MINGA GUAZU
231.10.25,231.10,25-PRESIDENTE FRANCO
231.11.0,231.11,0-AREGUA
231.11.1,231.11,1-CAPIATA
231.11.3,231.11,3-FERNANDO DE LA MORA
231.11.5,231.11,5-GUARAMBARE
231.11.7,231.11,7-ITA
231.11.9,231.11,9-ITAUGUA
231.11.11,231.11,11-J. AUGUSTO SALDIVAR
231.11.13,231.11,13-LAMBARE
231.11.15,231.11,15-LIMPIO
231.11.17,231.11,17-LUQUE
231.11.19,231.11,19-MARIANO R. ALONSO
231.11.21,231.11,21-NUEVA ITALIA
231.11.23,231.11,23-ÑEMBY
231.11.25,231.11,25-SAN ANTONIO
231.11.27,231.11,27-SAN LORENZO
231.11.29,231.11,29-VILLA ELISA
231.11.31,231.11,31-VILLETA
231.11.33,231.11,33-YPACARAI
231.11.35,231.11,35-YPANE
231.12.0,231.12,0-PILAR 
231.13.0,231.13,0-PEDRO J. CABALLERO
231.14.0,231.14,0-SALTO DEL GUAIRA
231.15.0,231.15,0-VILLA HAYES
232.10.0,232.10,0-CIUDAD DEL ESTE
233.0.0,233.0,0-ASUNCION
233.1.0,233.1,0-CONCEPCION
233.2.0,233.2,0-SAN PEDRO DEL YCUAMANDYJU
233.3.0,233.3,0-CAACUPE
233.4.0,233.4,0-VILLARRICA
233.5.3,233.5,3-CAAGUAZU
233.6.13,233.6,13-SAN JUAN NEPOMUCENO
233.7.0,233.7,0-ENCARNACION 
233.8.3,233.8,3-SAN IGNACIO
233.9.5,233.9,5-CARAPEGUA
233.10.0,233.10,0-CIUDAD DEL ESTE
233.11.9,233.11,9-ITAUGUA
233.12.3,233.12,3-CERRITO
233.13.0,233.13,0-PEDRO J. CABALLERO
233.14.0,233.14,0-SALTO DEL GUAIRA
233.15.0,233.15,0-VILLA HAYES
233.16.2,233.16,2-CARMELO PERALTA
233.17.3,233.17,3-MCAL.ESTIGARRIBIA
235.0.0,235.0,0-ASUNCION
235.1.0,235.1,0-CONCEPCION
235.2.24,235.2,24-SANTA ROSA DEL AGUARAY
235.3.11,235.3,11-EMBOSCADA
235.4.0,235.4,0-VILLARRICA
235.5.25,235.5,25-REPATRIACION
235.6.0,235.6,0-CAAZAPA
235.7.53,235.7,53-TOMAS ROMERO PEREIRA
235.8.5,235.8,5-SAN MIGUEL
235.9.17,235.9,17-QUIINDY
235.10.25,235.10,25-PRESIDENTE FRANCO
235.11.29,235.11,29-VILLA ELISA
235.12.0,235.12,0-PILAR 
235.13.0,235.13,0-PEDRO J. CABALLERO
235.14.7,235.14,7-KATUETE
235.15.1,235.15,1-BENJAMIN ACEVAL
235.16.1,235.16,1-PUERTO CASADO
235.17.3,235.17,3-MCAL.ESTIGARRIBIA
236.5.3,236.5,3-CAAGUAZU
236.6.9,236.6,9-GRAL. MORINIGO
236.10.0,236.10,0-CIUDAD DEL ESTE
236.11.23,236.11,23-ÑEMBY
236.14.0,236.14,0-SALTO DEL GUAIRA
237.0.0,237.0,0-ASUNCION
237.2.16,237.2,16-LIBERACION
237.3.5,237.3,5-ARROYOS Y ESTEROS
237.4.31,237.4,31-YATAITY DEL GUAIRA
237.5.3,237.5,3-CAAGUAZU
237.6.3,237.6,3-BUENA VISTA
237.7.53,237.7,53-TOMAS ROMERO PEREIRA
237.10.0,237.10,0-CIUDAD DEL ESTE
237.11.11,237.11,11-J. AUGUSTO SALDIVAR
237.11.19,237.11,19-MARIANO R. ALONSO
237.14.16,237.14,16-YASY CAÑY
238.0.0,238.0,0-ASUNCION
239.3.27,239.3,27-PIRIBEBUY
239.5.3,239.5,3-CAAGUAZU
239.7.35,239.7,35-MAYOR OTAÑO
239.9.13,239.9,13-MBUYAPEY
239.10.0,239.10,0-CIUDAD DEL ESTE
239.15.1,239.15,1-BENJAMIN ACEVAL
241.0.0,241.0,0-ASUNCION
241.1.0,241.1,0-CONCEPCION
241.3.0,241.3,0-CAACUPE
241.4.0,241.4,0-VILLARRICA
241.5.3,241.5,3-CAAGUAZU
241.7.53,241.7,53-TOMAS ROMERO PEREIRA
241.11.17,241.11,17-LUQUE
241.14.7,241.14,7-KATUETE
241.15.0,241.15,0-VILLA HAYES
195.2.0,195.2,0-SAN PEDRO DEL YCUAMANDYYU
195.2.1,195.2,1-25 DE DICIEMBRE
195.2.3,195.2,3-ANTEQUERA
195.2.5,195.2,5-CAPIIVARY
195.2.7,195.2,7-CHORE
195.2.9,195.2,9-GRAL. ELIZARDO AQUINO
195.2.11,195.2,11-GRAL. FRANCISCO RESQUIN
195.2.13,195.2,13-GUAJAYVI
195.2.15,195.2,15-ITACURUBI DEL ROSARIO
195.2.16,195.2,16-LIBERACION
195.2.17,195.2,17-LIMA
195.2.19,195.2,19-NUEVA GERMANIA
195.2.21,195.2,21-SAN ESTANISLAO
195.1.0,195.1,0-CONCEPCIÓN
195.1.1,195.1,1-BELÉN
195.1.2,195.1,2-AZOTEY
195.1.3,195.1,3-HORQUETA
195.1.4,195.1,4-STO. JOSE F. LOPEZ
195.1.5,195.1,5-LORETO
195.1.6,195.1,6-SAN CARLOS DEL APA
195.1.7,195.1,7-SAN LAZARO
195.1.8,195.1,8-SAN ALFREDO
195.1.9,195.1,9-YBYYAÙ
195.1.10,195.1,10-PASO BARRETO
195.1.11,195.1,11-ARROYITO
195.1.12,195.1,12-PASO HORQUETA
195.1.13,195.1,13-ITACUA
195.3.0,195.3,0-CAACUPE
195.3.1,195.3,1-1º DE MARZO
195.3.3,195.3,3-ALTOS
195.3.5,195.3,5-ARROYOS Y ESTEROS
195.3.7,195.3,7-ATYRA
195.3.9,195.3,9-CARAGUATAY
195.3.11,195.3,11-EMBOSCADA
195.3.13,195.3,13-EUSEBIO AYALA
195.3.15,195.3,15-ISLA PUCU
195.3.17,195.3,17-ITACURUBI DE LA CORDILLERA
195.3.19,195.3,19-JUAN DE MENA
195.3.21,195.3,21-LOMA GRANDE
195.3.23,195.3,23-MBOCAYATY DEL YHAGUY
195.3.25,195.3,25-NUEVA COLOMBIA
195.3.27,195.3,27-PIRIBEBUY
195.3.29,195.3,29-SAN BERNARDINO
195.2.22,195.2,22-SAN VICENTE PANCHOLO
195.2.23,195.2,23-SAN PABLO
195.2.24,195.2,24-SANTA ROSA DEL AGUARAY
195.2.25,195.2,25-TACUATI
195.2.27,195.2,27-UNION
195.2.29,195.2,29-VILLA DEL ROSARIO
195.2.31,195.2,31-YATAITY DEL NORTE
195.2.32,195.2,32-YRYBUCUA
195.2.33,195.2,33-SAN JOSE DEL ROSARIO
195.4.13,195.4,13-INDEPENDENCIA
195.4.15,195.4,15-ITAPE
195.4.17,195.4,17-ITURBE
195.4.19,195.4,19-JOSE A. FASSARDI
195.4.21,195.4,21-MBOCAYATY DEL GUAIRA
195.4.23,195.4,23-NATALICIO TALAVERA
195.4.25,195.4,25-ÑUMI
195.4.27,195.4,27-PASO YOVAI
195.4.29,195.4,29-SAN SALVADOR
195.4.30,195.4,30-TEBYCUARY
195.4.31,195.4,31-YATAITY DEL GUAIRA
195.5.0,195.5,0-CORONEL OVIEDO
195.3.31,195.3,31-SAN JOSE OBRERO
195.3.33,195.3,33-SANTA ELENA
195.3.35,195.3,35-TOBATI
195.3.37,195.3,37-VALENZUELA
195.4.0,195.4,0-VILLARRICA
195.4.1,195.4,1-BORJA
195.4.3,195.4,3-CAP. MAURICIO JOSE TROCHE
195.4.5,195.4,5-CORONEL MARTINEZ
195.4.7,195.4,7-DR. BOTRELL
195.4.9,195.4,9-FELIX PEREZ CARDOZO
195.4.11,195.4,11-GRAL. EUGENIO A. GARAY
195.5.11,195.5,11-DR. JUAN M. FRUTOS
195.5.13,195.5,13-JOSE DOMINGO OCAMPOS
195.5.15,195.5,15-LA PASTORA
195.5.17,195.5,17-MCAL. FRANCISCO S. LOPEZ
195.5.19,195.5,19-NUEVA LONDRES
195.5.20,195.5,20-NUEVA TOLEDO
195.5.21,195.5,21-R.I. 3 CORRALES
195.5.23,195.5,23-RAUL ARSENIO OVIEDO
195.5.25,195.5,25-REPATRIACION
195.5.27,195.5,27-SAN JOAQUIN
195.5.29,195.5,29-SAN JOSE DE LOS ARROYOS
195.5.31,195.5,31-STA.ROSA DEL MBUTUY
195.5.33,195.5,33-SIMON BOLIVAR
195.5.34,195.5,34-TEMBIAPORA
195.5.35,195.5,35-VAQUERIA
195.5.37,195.5,37-YHU
195.6.0,195.6,0-CAAZAPÀ
195.5.1,195.5,1-3 DE FEBRERO
195.5.3,195.5,3-CAAGUAZU
195.5.5,195.5,5-CARAYAO
195.5.7,195.5,7-DR. CECILIO BAEZ
195.5.9,195.5,9-DR. J.EULOGIO ESTIGARRIBIA
195.7.0,195.7,0-ENCARNACION
195.7.1,195.7,1-ALTO VERA
195.7.3,195.7,3-BELLA VISTA
195.7.5,195.7,5-CAMBYRETA
195.7.7,195.7,7-CAPITAN MEZA
195.7.9,195.7,9-CAPITAN MIRANDA
195.7.11,195.7,11-CARLOS ANTONIO LOPEZ
195.7.13,195.7,13-CARMEN DEL PARANA
195.7.15,195.7,15-CORONEL BOGADO
195.6.1,195.6,1-ABAÌ
195.6.2,195.6,2-3 DE MAYO
195.6.3,195.6,3-BUENA VISTA
195.6.5,195.6,5-DR. MOISÈS BERTONI
195.6.7,195.6,7-FULGENCIO YEGROS
195.6.9,195.6,9-GRAL.MORINIGO
195.6.11,195.6,11-MACIEL
195.6.13,195.6,13-SAN JUAN NEPOMUCENO
195.6.15,195.6,15-TAVAÌ
195.6.17,195.6,17-YUTY
195.7.47,195.7,47-SAN JUAN DEL PARANA
195.7.49,195.7,49-SAN PEDRO DEL PARANA
195.7.51,195.7,51-SAN RAFAEL DEL PARANA
195.7.53,195.7,53-TOMAS ROMERO PEREIRA
195.7.55,195.7,55-TRINIDAD
195.7.57,195.7,57-YATYTAY
195.8.0,195.8,0-SAN JUAN BAUTISTA
195.8.1,195.8,1-AYOLAS
195.8.3,195.8,3-SAN IGNACIO
195.8.5,195.8,5-SAN MIGUEL
195.8.7,195.8,7-SAN PATRICIO
195.8.9,195.8,9-SANTA MARIA DE FE
195.7.17,195.7,17-EDELIRA
195.7.19,195.7,19-FRAM
195.7.21,195.7,21-GENERAL ARTIGAS
195.7.23,195.7,23-GENERAL DELGADO
195.7.25,195.7,25-HOHENAU
195.7.27,195.7,27-ITAPUA POTY
195.7.29,195.7,29-JESUS
195.7.31,195.7,31-JOSE LEANDRO OVIEDO
195.7.33,195.7,33-LA PAZ
195.7.35,195.7,35-MAYOR OTAÑO
195.7.37,195.7,37-NATALIO
195.7.39,195.7,39-NUEVA ALBORADA
195.7.41,195.7,41-OBLIGADO
195.7.43,195.7,43-PIRAPO
195.7.45,195.7,45-SAN COSME Y DAMIAN
195.9.17,195.9,17-QUIINDY
195.9.19,195.9,19-QUYQUYHO
195.9.21,195.9,21-SAN ROQUE GONZALEZ
195.9.23,195.9,23-SAPUCAI
195.9.25,195.9,25-TEBICUARYMI
195.9.27,195.9,27-YAGUARON
195.9.29,195.9,29-YBYCUI
195.9.31,195.9,31-YBYTYMI
195.10.0,195.10,0-CIUDAD DEL ESTE
195.8.11,195.8,11-SANTA ROSA
195.8.13,195.8,13-SANTIAGO
195.8.15,195.8,15-VILLA FLORIDA
195.8.17,195.8,17-YAVEVYRY
195.9.0,195.9,0-PARAGUARI
195.9.1,195.9,1-ACAHAY
195.9.3,195.9,3-CAAPUCU
195.9.5,195.9,5-CARAPEGUA
195.9.7,195.9,7-ESCOBAR
195.9.9,195.9,9-GRAL. BERNARDINO CABALLERO
195.9.11,195.9,11-LA COLMENA
195.9.12,195.9,12-MARIA ANTONIA
195.9.13,195.9,13-MBUYAPEY
195.9.15,195.9,15-PIRAYU
195.10.1,195.10,1-DR. J. L.  MALLORQUIN
195.10.2,195.10,2-DR. RAUL PEÑA
195.10.3,195.10,3-DOMINGO M. DE IRALA
195.10.5,195.10,5-HERNANDARIAS
195.10.7,195.10,7-IRUÑA
195.10.9,195.10,9-ITAKYRY
195.10.25,195.10,25-PRESIDENTE FRANCO
195.10.27,195.10,27-SAN ALBERTO
195.10.29,195.10,29-SAN CRISTOBAL
195.10.30,195.10,30-SANTA FE DEL PARANA
195.10.31,195.10,31-SANTA RITA
195.10.33,195.10,33-SANTA ROSA DEL MONDAY
195.10.34,195.10,34-TAVAPY
195.10.35,195.10,35-YGUAZU
195.11.0,195.11,0-AREGUA
195.11.1,195.11,1-CAPIATA
195.10.11,195.10,11-JUAN E. O’LEARY
195.10.13,195.10,13-LOS CEDRALES
195.10.15,195.10,15-MBARACAYU
195.10.17,195.10,17-MINGA GUAZU
195.10.19,195.10,19-MINGA PORA
195.10.21,195.10,21-NARANJAL
195.10.23,195.10,23-ÑACUNDAY
195.11.3,195.11,3-FERNANDO DE LA MORA
195.11.5,195.11,5-GUARAMBARE
195.11.7,195.11,7-ITA
195.11.13,195.11,13-LAMBARE
195.11.15,195.11,15-LIMPIO
195.11.17,195.11,17-LUQUE
195.11.9,195.11,9-ITAUGUA
195.11.11,195.11,11-J. AUGUSTO SALDIVAR
195.11.19,195.11,19-MARIANO R. ALONSO
195.11.21,195.11,21-NUEVA ITALIA
195.11.23,195.11,23-ÑEMBY
195.11.25,195.11,25-SAN ANTONIO
195.11.27,195.11,27-SAN LORENZO
195.11.29,195.11,29-VILLA ELISA
195.11.31,195.11,31-VILLETA
195.11.33,195.11,33-YPACARAI
195.11.35,195.11,35-YPANE
195.12.0,195.12,0-PILAR
195.12.1,195.12,1-ALBERDI
195.12.3,195.12,3-CERRITO
195.12.5,195.12,5-DESMOCHADOS
195.12.7,195.12,7-GRAL. JOSE E. DIAZ
195.12.9,195.12,9-GUAZU CUA
195.12.11,195.12,11-HUMAITA
195.12.13,195.12,13-ISLA UMBU
195.12.15,195.12,15-LAURELES
195.12.17,195.12,17-MAYOR J. MARTINEZ
195.12.19,195.12,19-PASO DE PATRIA
195.12.21,195.12,21-SAN JUAN BAUTISTA DEL ÑEEMBUCU
195.12.23,195.12,23-TACUARAS
195.12.25,195.12,25-VILLA FRANCA
197.10.0,197.10,0-CIUDAD DEL ESTE
194.10.0,194.10,0-CIUDAD DEL ESTE
209.10.0,209.10,0-CIUDAD DEL ESTE
202.10.0,202.10,0-CIUDAD DEL ESTE
195.13.0,195.13,0-PEDRO J. CABALLERO
195.13.1,195.13,1-BELLA VISTA
195.13.3,195.13,3-CAPITAN BADO
197.1.0,197.1,0-CONCEPCION
194.1.0,194.1,0-CONCEPCION
209.1.0,209.1,0-CONCEPCION
202.1.0,202.1,0-CONCEPCION
197.1.1,197.1,1-BELEN
194.1.1,194.1,1-BELEN
197.1.2,197.1,2-AZOTE’Y
194.1.2,194.1,2-AZOTE’Y
197.1.3,197.1,3-HORQUETA
194.1.3,194.1,3-HORQUETA
194.5.9,194.5,9-DR.J. E.ESTIGARRIBIA
209.5.9,209.5,9-DR.J. E.ESTIGARRIBIA
197.5.11,197.5,11-DR. JUAN M. FRUTOS
194.5.11,194.5,11-DR. JUAN M. FRUTOS
209.5.11,209.5,11-DR. JUAN M. FRUTOS
197.5.13,197.5,13-JOSE DOMINGO OCAMPOS
194.5.13,194.5,13-JOSE DOMINGO OCAMPOS
197.5.15,197.5,15-LA PASTORA
194.5.15,194.5,15-LA PASTORA
197.5.17,197.5,17-FRANCISCO S.LOPEZ
194.5.17,194.5,17-FRANCISCO S.LOPEZ
197.5.19,197.5,19-NUEVA LONDRES
194.5.19,194.5,19-NUEVA LONDRES
209.5.19,209.5,19-NUEVA LONDRES
197.5.20,197.5,20-NUEVA TOLEDO
194.5.20,194.5,20-NUEVA TOLEDO
209.5.20,209.5,20-NUEVA TOLEDO
197.5.21,197.5,21-R.I. 3 CORRALES
194.5.21,194.5,21-R.I. 3 CORRALES
209.5.21,209.5,21-R.I. 3 CORRALES
197.5.23,197.5,23-RAUL ARSENIO OVIEDO
194.5.23,194.5,23-RAUL ARSENIO OVIEDO
197.10.1,197.10,1-DR. J. L. MALLORQUIN
194.10.1,194.10,1-DR. J. L. MALLORQUIN
195.13.4,195.13,4-ZANJA PYTA
195.13.5,195.13,5-KARAPAI
195.13.6,195.13,6-CERRO CORA
195.14.0,195.14,0-SALTO DEL GUAIRA
209.1.3,209.1,3-HORQUETA
202.1.3,202.1,3-HORQUETA
197.1.4,197.1,4-SGTO.FELIX LOPEZ
194.1.4,194.1,4-SGTO.FELIX LOPEZ
197.1.5,197.1,5-LORETO
194.1.5,194.1,5-LORETO
197.1.6,197.1,6-SAN CARLOS DEL APA
194.1.6,194.1,6-SAN CARLOS DEL APA
197.1.7,197.1,7-SAN LAZARO
194.1.7,194.1,7-SAN LAZARO
209.1.7,209.1,7-SAN LAZARO
197.1.8,197.1,8-SAN ALFREDO
194.1.8,194.1,8-SAN ALFREDO
197.1.9,197.1,9-YBYYAU
194.1.9,194.1,9-YBYYAU
197.1.10,197.1,10-PASO BARRETO
194.1.10,194.1,10-PASO BARRETO
209.1.10,209.1,10-PASO BARRETO
197.1.11,197.1,11-ARROYITO
197.5.25,197.5,25-REPATRIACION
194.5.25,194.5,25-REPATRIACION
209.5.25,209.5,25-REPATRIACION
197.5.27,197.5,27-SAN JOAQUIN
194.5.27,194.5,27-SAN JOAQUIN
209.5.27,209.5,27-SAN JOAQUIN
197.5.29,197.5,29-SAN J.DE LOS ARROYOS
194.5.29,194.5,29-SAN J.DE LOS ARROYOS
209.5.29,209.5,29-SAN J.DE LOS ARROYOS
197.5.31,197.5,31-STA.ROSA DEL MBUTUY
194.5.31,194.5,31-STA.ROSA DEL MBUTUY
197.5.33,197.5,33-SIMON BOLIVAR
194.5.33,194.5,33-SIMON BOLIVAR
197.5.34,197.5,34-TEMBIAPORA
209.10.1,209.10,1-DR. J. L. MALLORQUIN
197.10.2,197.10,2-DR. RAUL PEÑA
194.10.2,194.10,2-DR. RAUL PEÑA
197.10.3,197.10,3-DOMINGO M. DE IRALA
194.10.3,194.10,3-DOMINGO M. DE IRALA
197.10.5,197.10,5-HERNANDARIAS
194.10.5,194.10,5-HERNANDARIAS
209.10.5,209.10,5-HERNANDARIAS
195.14.1,195.14,1-CORPUS CHRISTI
195.14.3,195.14,3-FRANCISCO CABALLERO ALVAREZ
195.14.5,195.14,5-ITANARA
195.14.7,195.14,7-KATUETE
194.1.11,194.1,11-ARROYITO
214.1.11,214.1,11-ARROYITO
197.1.12,197.1,12-PASO HORQUETA
194.1.12,194.1,12-PASO HORQUETA
197.1.13,197.1,13-ITACUA
194.1.13,194.1,13-ITACUA
197.2.0,197.2,0-SAN PEDRO DEL Y.
194.2.0,194.2,0-SAN PEDRO DEL Y.
209.2.0,209.2,0-SAN PEDRO DEL Y.
197.2.1,197.2,1-25 DE DICIEMBRE
194.2.1,194.2,1-25 DE DICIEMBRE
197.2.3,197.2,3-ANTEQUERA
194.2.3,194.2,3-ANTEQUERA
197.2.5,197.2,5-CAPIIVARY
194.5.34,194.5,34-TEMBIAPORA
197.5.35,197.5,35-VAQUERIA
194.5.35,194.5,35-VAQUERIA
197.5.37,197.5,37-YHU
194.5.37,194.5,37-YHU
209.5.37,209.5,37-YHU
197.6.0,197.6,0-CAAZAPA
194.6.0,194.6,0-CAAZAPA
209.6.0,209.6,0-CAAZAPA
203.6.0,203.6,0-CAAZAPA
197.6.1,197.6,1-ABAI
194.6.1,194.6,1-ABAI
214.6.1,214.6,1-ABAI
197.6.2,197.6,2-3 DE MAYO
194.6.2,194.6,2-3 DE MAYO
209.6.2,209.6,2-3 DE MAYO
202.6.2,202.6,2-3 DE MAYO
197.10.7,197.10,7-IRUÑA
194.10.7,194.10,7-IRUÑA
209.10.7,209.10,7-IRUÑA
197.10.9,197.10,9-ITAKYRY
194.10.9,194.10,9-ITAKYRY
197.10.11,197.10,11-JUAN E. O’LEARY
194.10.11,194.10,11-JUAN E. O’LEARY
197.10.13,197.10,13-LOS CEDRALES
194.10.13,194.10,13-LOS CEDRALES
209.10.13,209.10,13-LOS CEDRALES
197.10.15,197.10,15-MBARACAYU
194.10.15,194.10,15-MBARACAYU
197.10.17,197.10,17-MINGA GUAZU
195.14.9,195.14,9-LA PALOMA
195.14.11,195.14,11-NUEVA ESPERANZA
195.14.12,195.14,12-MARACANA
195.14.13,195.14,13-VILLA SAN ISIDRO CURUGUATY
194.2.5,194.2,5-CAPIIVARY
197.2.7,197.2,7-CHORE
194.2.7,194.2,7-CHORE
209.2.7,209.2,7-CHORE
197.2.9,197.2,9-GRAL.ELIZARDO AQUINO
194.2.9,194.2,9-GRAL.ELIZARDO AQUINO
197.2.11,197.2,11-GRAL. F. RESQUIN
194.2.11,194.2,11-GRAL. F. RESQUIN
209.2.11,209.2,11-GRAL. F. RESQUIN
197.2.13,197.2,13-GUAJAYVI
194.2.13,194.2,13-GUAJAYVI
197.6.3,197.6,3-BUENA VISTA
194.6.3,194.6,3-BUENA VISTA
197.6.5,197.6,5-DR. MOISES BERTONI
194.6.5,194.6,5-DR. MOISES BERTONI
209.6.5,209.6,5-DR. MOISES BERTONI
197.6.7,197.6,7-FULGENCIO YEGROS
194.6.7,194.6,7-FULGENCIO YEGROS
197.6.9,197.6,9-GRAL.MORINIGO
194.6.9,194.6,9-GRAL.MORINIGO
197.6.11,197.6,11-MACIEL
194.6.11,194.6,11-MACIEL
209.6.11,209.6,11-MACIEL
197.6.13,197.6,13-SAN JUAN NEPOMUCENO
194.6.13,194.6,13-SAN JUAN NEPOMUCENO
209.6.13,209.6,13-SAN JUAN NEPOMUCENO
202.6.13,202.6,13-SAN JUAN NEPOMUCENO
197.6.15,197.6,15-TAVAI
194.6.15,194.6,15-TAVAI
197.6.17,197.6,17-YUTY
194.6.17,194.6,17-YUTY
194.10.29,194.10,29-SAN CRISTOBAL
209.10.29,209.10,29-SAN CRISTOBAL
197.10.30,197.10,30-SANTA FE DEL PARANA
194.10.30,194.10,30-SANTA FE DEL PARANA
209.10.30,209.10,30-SANTA FE DEL PARANA
197.10.31,197.10,31-SANTA RITA
194.10.31,194.10,31-SANTA RITA
209.10.31,209.10,31-SANTA RITA
197.10.33,197.10,33-STA. ROSA DEL MONDAY
194.10.33,194.10,33-STA. ROSA DEL MONDAY
209.10.33,209.10,33-STA. ROSA DEL MONDAY
197.10.34,197.10,34-TAVAPY
194.10.34,194.10,34-TAVAPY
197.10.35,197.10,35-YGUAZU
194.10.35,194.10,35-YGUAZU
197.11.0,197.11,0-AREGUA
194.11.0,194.11,0-AREGUA
209.11.0,209.11,0-AREGUA
195.14.14,195.14,14-PUERTO ADELA
195.14.15,195.14,15-VILLA YGATIMI
195.14.16,195.14,16-YASY CAÑY
209.2.13,209.2,13-GUAJAYVI
197.2.15,197.2,15-ITAC. DEL ROSARIO
194.2.15,194.2,15-ITAC. DEL ROSARIO
197.2.16,197.2,16-LIBERACION
194.2.16,194.2,16-LIBERACION
197.2.17,197.2,17-LIMA
194.2.17,194.2,17-LIMA
197.2.19,197.2,19-NUEVA GERMANIA
194.2.19,194.2,19-NUEVA GERMANIA
197.2.21,197.2,21-SAN ESTANISLAO
209.6.17,209.6,17-YUTY
197.7.0,197.7,0-ENCARNACION
194.7.0,194.7,0-ENCARNACION
209.7.0,209.7,0-ENCARNACION
203.7.0,203.7,0-ENCARNACION
214.7.0,214.7,0-ENCARNACION
194.11.13,194.11,13-LAMBARE
197.11.13,197.11,13-LAMBARE
209.11.13,209.11,13-LAMBARE
203.11.13,203.11,13-LAMBARE
197.11.15,197.11,15-LIMPIO
195.14.17,195.14,17-YPE JHU
195.14.18,195.14,18-YBYRAROVANA
195.14.19,195.14,19-YBY PYTA
195.14.20,195.14,20-LAUREL
195.15.0,195.15,0-VILLA HAYES
194.2.21,194.2,21-SAN ESTANISLAO
209.2.21,209.2,21-SAN ESTANISLAO
197.2.22,197.2,22-SAN VICENTE PANCHOLO
194.2.22,194.2,22-SAN VICENTE PANCHOLO
209.2.22,209.2,22-SAN VICENTE PANCHOLO
197.2.23,197.2,23-SAN PABLO
194.2.23,194.2,23-SAN PABLO
197.2.24,197.2,24-STA.ROSA DEL AGUARAY
194.2.24,194.2,24-STA.ROSA DEL AGUARAY
209.2.24,209.2,24-STA.ROSA DEL AGUARAY
197.2.25,197.2,25-TACUATI
197.7.1,197.7,1-ALTO VERA
194.7.1,194.7,1-ALTO VERA
209.7.1,209.7,1-ALTO VERA
197.7.3,197.7,3-BELLA VISTA
194.7.3,194.7,3-BELLA VISTA
209.7.3,209.7,3-BELLA VISTA
197.7.5,197.7,5-CAMBYRETA
194.7.5,194.7,5-CAMBYRETA
209.7.5,209.7,5-CAMBYRETA
197.7.7,197.7,7-CAPITAN MEZA
194.7.7,194.7,7-CAPITAN MEZA
209.7.7,209.7,7-CAPITAN MEZA
197.7.9,197.7,9-CAPITAN MIRANDA
194.7.9,194.7,9-CAPITAN MIRANDA
209.7.9,209.7,9-CAPITAN MIRANDA
197.7.11,197.7,11-CARLOS ANTONIO LOPEZ
194.7.11,194.7,11-CARLOS ANTONIO LOPEZ
194.11.3,194.11,3-FERNANDO DE LA MORA
197.11.3,197.11,3-FERNANDO DE LA MORA
209.11.3,209.11,3-FERNANDO DE LA MORA
203.11.3,203.11,3-FERNANDO DE LA MORA
195.15.1,195.15,1-BENJAMIN ACEVAL
194.2.25,194.2,25-TACUATI
197.2.27,197.2,27-UNION
194.2.27,194.2,27-UNION
197.2.29,197.2,29-VILLA DEL ROSARIO
194.2.29,194.2,29-VILLA DEL ROSARIO
209.2.29,209.2,29-VILLA DEL ROSARIO
197.2.31,197.2,31-YATAITY DEL NORTE
194.2.31,194.2,31-YATAITY DEL NORTE
197.2.32,197.2,32-YRYBUCUA
194.2.32,194.2,32-YRYBUCUA
197.2.33,197.2,33-SAN JOSE DEL ROSARIO
194.2.33,194.2,33-SAN JOSE DEL ROSARIO
197.3.0,197.3,0-CAACUPE
194.3.0,194.3,0-CAACUPE
197.7.13,197.7,13-CARMEN DEL PARANA
194.7.13,194.7,13-CARMEN DEL PARANA
197.7.15,197.7,15-CORONEL BOGADO
194.7.15,194.7,15-CORONEL BOGADO
209.7.15,209.7,15-CORONEL BOGADO
197.7.17,197.7,17-EDELIRA
194.7.17,194.7,17-EDELIRA
209.7.17,209.7,17-EDELIRA
197.7.19,197.7,19-FRAM
194.7.19,194.7,19-FRAM
209.7.19,209.7,19-FRAM
197.7.21,197.7,21-GENERAL ARTIGAS
194.7.21,194.7,21-GENERAL ARTIGAS
197.7.23,197.7,23-GENERAL DELGADO
194.7.23,194.7,23-GENERAL DELGADO
197.7.25,197.7,25-HOHENAU
194.7.25,194.7,25-HOHENAU
209.7.25,209.7,25-HOHENAU
197.7.27,197.7,27-ITAPUA POTY
194.7.27,194.7,27-ITAPUA POTY
197.11.5,197.11,5-GUARAMBARE
194.11.5,194.11,5-GUARAMBARE
209.11.5,209.11,5-GUARAMBARE
197.11.7,197.11,7-ITA
194.11.7,194.11,7-ITA
209.11.7,209.11,7-ITA
195.15.2,195.15,2-CAMPO ACEVAL
195.15.3,195.15,3-FORTIN JOSE FALCON
195.15.4,195.15,4-GRAL. JOSE MARIA BRUGUEZ
195.15.5,195.15,5-NANAWA
195.15.6,195.15,6-NUEVA ASUNCION
195.15.7,195.15,7-PTO. PINASCO
195.15.9,195.15,9-TTE. IRALA FERNANDEZ
209.3.0,209.3,0-CAACUPE
203.3.0,203.3,0-CAACUPE
202.3.0,202.3,0-CAACUPE
197.3.1,197.3,1-1RO. DE MARZO
194.3.1,194.3,1-1RO. DE MARZO
197.3.3,197.3,3-ALTOS
194.3.3,194.3,3-ALTOS
209.3.3,209.3,3-ALTOS
197.3.5,197.3,5-ARROYOS Y ESTEROS
194.3.5,194.3,5-ARROYOS Y ESTEROS
209.3.5,209.3,5-ARROYOS Y ESTEROS
197.3.7,197.3,7-ATYRA
194.3.7,194.3,7-ATYRA
209.3.7,209.3,7-ATYRA
209.7.27,209.7,27-ITAPUA POTY
197.7.29,197.7,29-JESUS
194.7.29,194.7,29-JESUS
209.7.29,209.7,29-JESUS
202.7.29,202.7,29-JESUS
197.7.31,197.7,31-JOSE LEANDRO OVIEDO
194.7.31,194.7,31-JOSE LEANDRO OVIEDO
197.7.33,197.7,33-LA PAZ
194.7.33,194.7,33-LA PAZ
197.7.35,197.7,35-MAYOR OTAÑO
194.7.35,194.7,35-MAYOR OTAÑO
197.7.37,197.7,37-NATALIO
194.7.37,194.7,37-NATALIO
197.7.39,197.7,39-NUEVA ALBORADA
194.7.39,194.7,39-NUEVA ALBORADA
197.7.41,197.7,41-OBLIGADO
194.7.41,194.7,41-OBLIGADO
209.7.41,209.7,41-OBLIGADO
197.7.43,197.7,43-PIRAPO
194.7.43,194.7,43-PIRAPO
209.7.43,209.7,43-PIRAPO
197.7.45,197.7,45-SAN COSME Y DAMIAN
194.7.45,194.7,45-SAN COSME Y DAMIAN
197.7.47,197.7,47-SAN JUAN DEL PARANA
194.11.15,194.11,15-LIMPIO
209.11.15,209.11,15-LIMPIO
197.11.17,197.11,17-LUQUE
195.15.11,195.15,11-TTE. ESTEBAN MARTINEZ
195.16.0,195.16,0-FUERTE OLIMPO
195.16.1,195.16,1-PUERTO CASADO
195.16.2,195.16,2-CARMELO PERALTA
195.16.3,195.16,3-BAHIA NEGRA
195.17.0,195.17,0-FILADELFIA
197.3.9,197.3,9-CARAGUATAY
194.3.9,194.3,9-CARAGUATAY
209.3.9,209.3,9-CARAGUATAY
197.3.11,197.3,11-EMBOSCADA
194.3.11,194.3,11-EMBOSCADA
209.3.11,209.3,11-EMBOSCADA
197.3.13,197.3,13-EUSEBIO AYALA
194.3.13,194.3,13-EUSEBIO AYALA
197.3.15,197.3,15-ISLA PUCU
194.3.15,194.3,15-ISLA PUCU
197.3.17,197.3,17-ITAC.DE LA CORDILLERA
194.3.17,194.3,17-ITAC.DE LA CORDILLERA
209.3.17,209.3,17-ITAC.DE LA CORDILLERA
197.3.19,197.3,19-JUAN DE MENA
194.3.19,194.3,19-JUAN DE MENA
197.3.21,197.3,21-LOMA GRANDE
194.3.21,194.3,21-LOMA GRANDE
197.3.23,197.3,23-MBOCAYATY DEL YHAGUY
194.7.47,194.7,47-SAN JUAN DEL PARANA
209.7.47,209.7,47-SAN JUAN DEL PARANA
197.7.49,197.7,49-SAN PEDRO DEL PARANA
194.7.49,194.7,49-SAN PEDRO DEL PARANA
209.7.49,209.7,49-SAN PEDRO DEL PARANA
203.7.49,203.7,49-SAN PEDRO DEL PARANA
197.7.51,197.7,51-SAN RAFAEL DEL PARANA
194.7.51,194.7,51-SAN RAFAEL DEL PARANA
209.7.51,209.7,51-SAN RAFAEL DEL PARANA
197.7.53,197.7,53-TOMAS ROMERO PEREIRA
194.7.53,194.7,53-TOMAS ROMERO PEREIRA
209.7.53,209.7,53-TOMAS ROMERO PEREIRA
202.7.53,202.7,53-TOMAS ROMERO PEREIRA
194.10.17,194.10,17-MINGA GUAZU
209.10.17,209.10,17-MINGA GUAZU
197.10.19,197.10,19-MINGA PORA
194.10.19,194.10,19-MINGA PORA
209.10.19,209.10,19-MINGA PORA
197.10.21,197.10,21-NARANJAL
194.10.21,194.10,21-NARANJAL
209.10.21,209.10,21-NARANJAL
197.10.23,197.10,23-ÑACUNDAY
194.10.23,194.10,23-ÑACUNDAY
209.10.23,209.10,23-ÑACUNDAY
197.10.25,197.10,25-PRESIDENTE FRANCO
194.10.25,194.10,25-PRESIDENTE FRANCO
195.17.1,195.17,1-LOMA PLATA
195.17.3,195.17,3-MARISCAL ESTIGARRIBIA
195.17.4,195.17,4-BOQUERON
195.90.0,195.90,0-ESTADOS UNIDOS
195.91.0,195.91,0-ESPAÑA
195.98.0,195.98,0-ARGENTINA
194.3.23,194.3,23-MBOCAYATY DEL YHAGUY
197.3.25,197.3,25-NUEVA COLOMBIA
194.3.25,194.3,25-NUEVA COLOMBIA
197.3.27,197.3,27-PIRIBEBUY
194.3.27,194.3,27-PIRIBEBUY
209.3.27,209.3,27-PIRIBEBUY
214.3.27,214.3,27-PIRIBEBUY
197.3.29,197.3,29-SAN BERNARDINO
194.3.29,194.3,29-SAN BERNARDINO
209.3.29,209.3,29-SAN BERNARDINO
197.3.31,197.3,31-SAN JOSE OBRERO
194.3.31,194.3,31-SAN JOSE OBRERO
197.3.33,197.3,33-SANTA ELENA
194.3.33,194.3,33-SANTA ELENA
197.3.35,197.3,35-TOBATI
194.3.35,194.3,35-TOBATI
197.7.55,197.7,55-TRINIDAD
194.7.55,194.7,55-TRINIDAD
209.7.55,209.7,55-TRINIDAD
197.7.57,197.7,57-YATYTAY
194.7.57,194.7,57-YATYTAY
197.8.0,197.8,0-SAN JUAN BAUTISTA
194.8.0,194.8,0-SAN JUAN BAUTISTA
209.8.0,209.8,0-SAN JUAN BAUTISTA
214.8.0,214.8,0-SAN JUAN BAUTISTA
197.8.1,197.8,1-AYOLAS
194.8.1,194.8,1-AYOLAS
209.8.1,209.8,1-AYOLAS
197.8.3,197.8,3-SAN IGNACIO
194.8.3,194.8,3-SAN IGNACIO
197.11.9,197.11,9-ITAUGUA
194.11.9,194.11,9-ITAUGUA
209.11.9,209.11,9-ITAUGUA
197.11.11,197.11,11-J. AUGUSTO SALDIVAR
197.0.0,197.0,0-ASUNCION
194.0.0,194.0,0-ASUNCION
209.0.0,209.0,0-ASUNCION
203.0.0,203.0,0-ASUNCION
209.3.35,209.3,35-TOBATI
203.3.35,203.3,35-TOBATI
197.3.37,197.3,37-VALENZUELA
194.3.37,194.3,37-VALENZUELA
197.4.0,197.4,0-VILLARRICA
194.4.0,194.4,0-VILLARRICA
209.4.0,209.4,0-VILLARRICA
214.4.0,214.4,0-VILLARRICA
203.4.0,203.4,0-VILLARRICA
197.4.1,197.4,1-BORJA
194.4.1,194.4,1-BORJA
197.4.3,197.4,3-CAP. M. JOSE TROCHE
194.4.3,194.4,3-CAP. M. JOSE TROCHE
203.4.3,203.4,3-CAP. M. JOSE TROCHE
197.4.5,197.4,5-CORONEL MARTINEZ
194.4.5,194.4,5-CORONEL MARTINEZ
209.8.3,209.8,3-SAN IGNACIO
197.8.5,197.8,5-SAN MIGUEL
194.8.5,194.8,5-SAN MIGUEL
197.8.7,197.8,7-SAN PATRICIO
194.8.7,194.8,7-SAN PATRICIO
197.8.9,197.8,9-SANTA MARIA
194.8.9,194.8,9-SANTA MARIA
209.8.9,209.8,9-SANTA MARIA
197.8.11,197.8,11-SANTA ROSA
194.8.11,194.8,11-SANTA ROSA
209.8.11,209.8,11-SANTA ROSA
197.8.13,197.8,13-SANTIAGO
194.8.13,194.8,13-SANTIAGO
197.8.15,197.8,15-VILLA FLORIDA
194.8.15,194.8,15-VILLA FLORIDA
197.8.17,197.8,17-YAVEVYRY
194.8.17,194.8,17-YAVEVYRY
197.9.0,197.9,0-PARAGUARI
194.9.0,194.9,0-PARAGUARI
209.9.0,209.9,0-PARAGUARI
197.9.1,197.9,1-ACAHAY
197.11.1,197.11,1-CAPIATA
194.11.1,194.11,1-CAPIATA
209.11.1,209.11,1-CAPIATA
214.0.0,214.0,0-ASUNCION
202.0.0,202.0,0-ASUNCION
197.4.7,197.4,7-DR. BOTRELL
194.4.7,194.4,7-DR. BOTRELL
197.4.9,197.4,9-FELIX PEREZ CARDOZO
194.4.9,194.4,9-FELIX PEREZ CARDOZO
197.4.11,197.4,11-GRAL. E. A. GARAY
194.4.11,194.4,11-GRAL. E. A. GARAY
197.4.13,197.4,13-INDEPENDENCIA
194.4.13,194.4,13-INDEPENDENCIA
209.4.13,209.4,13-INDEPENDENCIA
197.4.15,197.4,15-ITAPE
194.4.15,194.4,15-ITAPE
197.4.17,197.4,17-ITURBE
194.4.17,194.4,17-ITURBE
197.4.19,197.4,19-JOSE A. FASSARDI
194.4.19,194.4,19-JOSE A. FASSARDI
197.4.21,197.4,21-MBOCAYATY DEL GUAIRA
194.4.21,194.4,21-MBOCAYATY DEL GUAIRA
197.4.23,197.4,23-NATALICIO TALAVERA
194.4.23,194.4,23-NATALICIO TALAVERA
197.4.25,197.4,25-ÑUMI
194.4.25,194.4,25-ÑUMI
197.4.27,197.4,27-PASO YOBAI
194.4.27,194.4,27-PASO YOBAI
194.9.1,194.9,1-ACAHAY
209.9.1,209.9,1-ACAHAY
197.9.3,197.9,3-CAAPUCU
194.9.3,194.9,3-CAAPUCU
197.9.5,197.9,5-CARAPEGUA
194.9.5,194.9,5-CARAPEGUA
209.9.5,209.9,5-CARAPEGUA
197.9.7,197.9,7-ESCOBAR
194.9.7,194.9,7-ESCOBAR
197.9.9,197.9,9-GRAL. B. CABALLERO
194.9.9,194.9,9-GRAL. B. CABALLERO
209.9.9,209.9,9-GRAL. B. CABALLERO
197.9.11,197.9,11-LA COLMENA
194.9.11,194.9,11-LA COLMENA
197.9.12,197.9,12-MARIA ANTONIA
194.9.12,194.9,12-MARIA ANTONIA
214.9.12,214.9,12-MARIA ANTONIA
197.9.13,197.9,13-MBUYAPEY
209.10.25,209.10,25-PRESIDENTE FRANCO
197.10.27,197.10,27-SAN ALBERTO
194.10.27,194.10,27-SAN ALBERTO
197.10.29,197.10,29-SAN CRISTOBAL
203.4.27,203.4,27-PASO YOBAI
197.4.29,197.4,29-SAN SALVADOR
194.4.29,194.4,29-SAN SALVADOR
197.4.30,197.4,30-TEBICUARY
194.4.30,194.4,30-TEBICUARY
197.4.31,197.4,31-YATAITY DEL GUAIRA
194.4.31,194.4,31-YATAITY DEL GUAIRA
197.5.0,197.5,0-CORONEL OVIEDO
194.5.0,194.5,0-CORONEL OVIEDO
209.5.0,209.5,0-CORONEL OVIEDO
202.5.0,202.5,0-CORONEL OVIEDO
194.9.13,194.9,13-MBUYAPEY
209.9.13,209.9,13-MBUYAPEY
197.9.15,197.9,15-PIRAYU
194.9.15,194.9,15-PIRAYU
197.9.17,197.9,17-QUIINDY
194.9.17,194.9,17-QUIINDY
209.9.17,209.9,17-QUIINDY
202.9.17,202.9,17-QUIINDY
197.9.19,197.9,19-QUYQUYHO
194.9.19,194.9,19-QUYQUYHO
197.9.21,197.9,21-SAN ROQUE GONZALEZ
194.9.21,194.9,21-SAN ROQUE GONZALEZ
202.9.21,202.9,21-SAN ROQUE GONZALEZ
197.9.23,197.9,23-SAPUCAI
194.9.23,194.9,23-SAPUCAI
209.9.23,209.9,23-SAPUCAI
197.9.25,197.9,25-TEBICUARYMI
194.9.25,194.9,25-TEBICUARYMI
197.9.27,197.9,27-YAGUARON
194.9.27,194.9,27-YAGUARON
209.9.27,209.9,27-YAGUARON
194.11.11,194.11,11-J. AUGUSTO SALDIVAR
209.11.11,209.11,11-J. AUGUSTO SALDIVAR
197.5.1,197.5,1-3 DE FEBRERO
194.5.1,194.5,1-3 DE FEBRERO
197.5.3,197.5,3-CAAGUAZU
194.5.3,194.5,3-CAAGUAZU
197.9.29,197.9,29-YBYCUI
194.9.29,194.9,29-YBYCUI
197.9.31,197.9,31-YBYTYMI
194.9.31,194.9,31-YBYTYMI
203.11.1,203.11,1-CAPIATA
209.5.3,209.5,3-CAAGUAZU
202.5.3,202.5,3-CAAGUAZU
197.5.5,197.5,5-CARAYAO
194.5.5,194.5,5-CARAYAO
197.5.7,197.5,7-DR. CECILIO BAEZ
194.5.7,194.5,7-DR. CECILIO BAEZ
209.5.7,209.5,7-DR. CECILIO BAEZ
197.5.9,197.5,9-DR.J. E.ESTIGARRIBIA
195.12.27,195.12,27-VILLA OLIVA
195.12.29,195.12,29-VILLALBIN
194.11.17,194.11,17-LUQUE
197.11.19,197.11,19-MARIANO R. ALONSO
194.11.19,194.11,19-MARIANO R. ALONSO
209.11.19,209.11,19-MARIANO R. ALONSO
194.18.2,194.18,2-EE. UU.
197.18.2,197.18,2-EE. UU.
197.18.3,197.18,3-ESPAÑA
194.18.3,194.18,3-ESPAÑA
197.11.21,197.11,21-NUEVA ITALIA
194.11.21,194.11,21-NUEVA ITALIA
197.11.23,197.11,23-ÑEMBY
194.11.23,194.11,23-ÑEMBY
209.11.23,209.11,23-ÑEMBY
197.11.25,197.11,25-SAN ANTONIO
194.11.25,194.11,25-SAN ANTONIO
209.11.25,209.11,25-SAN ANTONIO
202.11.25,202.11,25-SAN ANTONIO
197.11.27,197.11,27-SAN LORENZO
194.11.27,194.11,27-SAN LORENZO
209.11.27,209.11,27-SAN LORENZO
214.11.27,214.11,27-SAN LORENZO
202.11.27,202.11,27-SAN LORENZO
197.11.29,197.11,29-VILLA ELISA
194.11.29,194.11,29-VILLA ELISA
209.11.29,209.11,29-VILLA ELISA
197.11.31,197.11,31-VILLETA
194.11.31,194.11,31-VILLETA
209.11.31,209.11,31-VILLETA
197.11.33,197.11,33-YPACARAI
194.11.33,194.11,33-YPACARAI
209.11.33,209.11,33-YPACARAI
197.11.35,197.11,35-YPANE
194.11.35,194.11,35-YPANE
209.11.35,209.11,35-YPANE
197.12.0,197.12,0-PILAR
194.12.0,194.12,0-PILAR
209.12.0,209.12,0-PILAR
214.12.0,214.12,0-PILAR
197.12.1,197.12,1-ALBERDI
194.12.1,194.12,1-ALBERDI
197.12.3,197.12,3-CERRITO
194.12.3,194.12,3-CERRITO
197.12.5,197.12,5-DESMOCHADOS
194.12.5,194.12,5-DESMOCHADOS
197.12.7,197.12,7-GRAL. JOSE E. DIAZ
194.12.7,194.12,7-GRAL. JOSE E. DIAZ
197.12.9,197.12,9-GUAZU CUA
194.12.9,194.12,9-GUAZU CUA
197.12.11,197.12,11-HUMAITA
194.12.11,194.12,11-HUMAITA
197.12.13,197.12,13-ISLA UMBU
194.12.13,194.12,13-ISLA UMBU
197.12.15,197.12,15-LAURELES
194.12.15,194.12,15-LAURELES
197.12.17,197.12,17-MAYOR J. MARTINEZ
194.12.17,194.12,17-MAYOR J. MARTINEZ
197.12.19,197.12,19-PASO DE PATRIA
194.12.19,194.12,19-PASO DE PATRIA
197.12.21,197.12,21-SAN JUAN BAUTISTA
194.12.21,194.12,21-SAN JUAN BAUTISTA
197.12.23,197.12,23-TACUARAS
194.12.23,194.12,23-TACUARAS
197.12.25,197.12,25-VILLA FRANCA
194.12.25,194.12,25-VILLA FRANCA
197.12.27,197.12,27-VILLA OLIVA
194.12.27,194.12,27-VILLA OLIVA
197.12.29,197.12,29-VILLALBIN
194.12.29,194.12,29-VILLALBIN
197.13.0,197.13,0-PEDRO J. CABALLERO
194.13.0,194.13,0-PEDRO J. CABALLERO
209.13.0,209.13,0-PEDRO J. CABALLERO
197.13.1,197.13,1-BELLA VISTA
194.13.1,194.13,1-BELLA VISTA
197.13.3,197.13,3-CAPITAN BADO
194.13.3,194.13,3-CAPITAN BADO
197.13.4,197.13,4-ZANJA PYTA
194.13.4,194.13,4-ZANJA PYTA
197.13.5,197.13,5-KARAPAI
194.13.5,194.13,5-KARAPAI
197.13.6,197.13,6-CERRO CORA
194.13.6,194.13,6-CERRO CORA
197.14.0,197.14,0-SALTO DEL GUAIRA
194.14.0,194.14,0-SALTO DEL GUAIRA
209.14.0,209.14,0-SALTO DEL GUAIRA
202.14.0,202.14,0-SALTO DEL GUAIRA
197.14.1,197.14,1-CORPUS CHRISTI
194.14.1,194.14,1-CORPUS CHRISTI
209.14.1,209.14,1-CORPUS CHRISTI
197.14.3,197.14,3-FRANCISCO C. ALVAREZ
194.14.3,194.14,3-FRANCISCO C. ALVAREZ
209.14.3,209.14,3-FRANCISCO C. ALVAREZ
197.14.5,197.14,5-ITANARA
194.14.5,194.14,5-ITANARA
197.14.7,197.14,7-KATUETE
194.14.7,194.14,7-KATUETE
209.14.7,209.14,7-KATUETE
197.14.9,197.14,9-LA PALOMA
194.14.9,194.14,9-LA PALOMA
197.14.11,197.14,11-NUEVA ESPERANZA
194.14.11,194.14,11-NUEVA ESPERANZA
209.14.11,209.14,11-NUEVA ESPERANZA
197.14.12,197.14,12-MARACANA
194.14.12,194.14,12-MARACANA
209.14.12,209.14,12-MARACANA
197.14.13,197.14,13-SAN ISIDRO CURUGUATY
194.14.13,194.14,13-SAN ISIDRO CURUGUATY
209.14.13,209.14,13-SAN ISIDRO CURUGUATY
214.14.13,214.14,13-SAN ISIDRO CURUGUATY
197.14.14,197.14,14-PUERTO ADELA
194.14.14,194.14,14-PUERTO ADELA
197.14.15,197.14,15-VILLA YGATIMI
194.14.15,194.14,15-VILLA YGATIMI
209.14.15,209.14,15-VILLA YGATIMI
197.14.16,197.14,16-YASY CAÑY
194.14.16,194.14,16-YASY CAÑY
209.14.16,209.14,16-YASY CAÑY
197.14.17,197.14,17-YPE JHU
194.14.17,194.14,17-YPE JHU
209.14.17,209.14,17-YPE JHU
197.14.18,197.14,18-YBYRAROVANA
194.14.18,194.14,18-YBYRAROVANA
209.14.18,209.14,18-YBYRAROVANA
197.14.19,197.14,19-YBY PYTA
194.14.19,194.14,19-YBY PYTA
209.14.19,209.14,19-YBY PYTA
203.14.19,203.14,19-YBY PYTA
197.14.20,197.14,20-LAUREL
194.14.20,194.14,20-LAUREL
197.15.0,197.15,0-VILLA HAYES
194.15.0,194.15,0-VILLA HAYES
209.15.0,209.15,0-VILLA HAYES
202.15.0,202.15,0-VILLA HAYES
214.15.0,214.15,0-VILLA HAYES
203.15.0,203.15,0-VILLA HAYES
197.15.1,197.15,1-BENJAMIN ACEVAL
194.15.1,194.15,1-BENJAMIN ACEVAL
209.15.1,209.15,1-BENJAMIN ACEVAL
197.15.2,197.15,2-CAMPO ACEVAL
194.15.2,194.15,2-CAMPO ACEVAL
197.15.3,197.15,3-FORTIN JOSE FALCON
194.15.3,194.15,3-FORTIN JOSE FALCON
197.15.4,197.15,4-GRAL. JOSE M. BRUGUEZ
194.15.4,194.15,4-GRAL. JOSE M. BRUGUEZ
197.15.5,197.15,5-NANAWA
194.15.5,194.15,5-NANAWA
197.15.6,197.15,6-NUEVA ASUNCION
194.15.6,194.15,6-NUEVA ASUNCION
197.15.7,197.15,7-PTO. PINASCO
194.15.7,194.15,7-PTO. PINASCO
197.15.9,197.15,9-TTE. IRALA FERNANDEZ
194.15.9,194.15,9-TTE. IRALA FERNANDEZ
209.15.9,209.15,9-TTE. IRALA FERNANDEZ
197.15.11,197.15,11-FORTIN TENIENTE E. MARTINEZ
194.15.11,194.15,11-FORTIN TENIENTE E. MARTINEZ
197.16.0,197.16,0-FUERTE OLIMPO
194.16.0,194.16,0-FUERTE OLIMPO
209.16.0,209.16,0-FUERTE OLIMPO
197.16.1,197.16,1-PUERTO CASADO
194.16.1,194.16,1-PUERTO CASADO
197.16.2,197.16,2-CARMELO PERALTA
209.11.17,209.11,17-LUQUE
203.11.17,203.11,17-LUQUE
194.16.2,194.16,2-CARMELO PERALTA
197.16.3,197.16,3-BAHIA NEGRA
194.16.3,194.16,3-BAHIA NEGRA
197.17.0,197.17,0-FILADELFIA
194.17.0,194.17,0-FILADELFIA
209.17.0,209.17,0-FILADELFIA
197.17.1,197.17,1-LOMA PLATA
194.17.1,194.17,1-LOMA PLATA
209.17.1,209.17,1-LOMA PLATA
197.17.3,197.17,3-MCAL. ESTIGARRIBIA
194.17.3,194.17,3-MCAL. ESTIGARRIBIA
209.17.3,209.17,3-MCAL. ESTIGARRIBIA
214.17.3,214.17,3-MCAL. ESTIGARRIBIA
197.17.4,197.17,4-BOQUERON
194.17.4,194.17,4-BOQUERON
209.17.4,209.17,4-BOQUERON
194.18.1,194.18,1-ARGENTINA
214.18.1,214.18,1-ARGENTINA
197.18.1,197.18,1-ARGENTINA
248.17.3,248.17,3-MCAL. ESTIGARRIBIA
248.17.4,248.17,4-BOQUERON
231.18.1,231.18,1-ARGENTINA
