id_localidad,id_departamento,descripcion
201.0.0.0,201.0.0,0-ASUNCION
201.1.9.0,201.1.9,0-YBY YA’U
201.2.0.0,201.2.0,0-SAN PEDRO DEL YCUAMANDYJU
201.3.0.0,201.3.0,0-CAACUPE
201.4.1.0,201.4.1,0-BORJA
201.6.0.0,201.6.0,0-CAAZAPA
201.7.0.0,201.7.0,0-ENCARNACION 
201.8.0.0,201.8.0,0-SAN JUAN BAUTISTA
201.9.15.0,201.9.15,0-PIRAYU
201.10.0.0,201.10.0,0-CIUDAD DEL ESTE
201.11.1.0,201.11.1,0-CAPIATA
201.11.3.0,201.11.3,0-FERNANDO DE LA MORA
201.12.0.0,201.12.0,0-PILAR 
201.13.0.0,201.13.0,0-PEDRO J. CABALLERO
201.14.3.0,201.14.3,0-FRANCISCO CABALLERO ALVAREZ
201.15.0.0,201.15.0,0-VILLA HAYES
204.0.0.0,204.0.0,0-ASUNCION
204.1.0.0,204.1.0,0-CONCEPCION
204.2.21.0,204.2.21,0-SAN ESTANISLAO
204.3.0.0,204.3.0,0-CAACUPE
204.4.0.0,204.4.0,0-VILLARRICA
204.5.0.0,204.5.0,0-CORONEL OVIEDO
204.6.0.0,204.6.0,0-CAAZAPA
204.7.0.0,204.7.0,0-ENCARNACION 
204.8.0.0,204.8.0,0-SAN JUAN BAUTISTA
204.9.0.0,204.9.0,0-PARAGUARI
204.10.0.0,204.10.0,0-CIUDAD DEL ESTE
204.11.3.0,204.11.3,0-FERNANDO DE LA MORA
204.12.0.0,204.12.0,0-PILAR 
204.13.0.0,204.13.0,0-PEDRO J. CABALLERO
204.14.0.0,204.14.0,0-SALTO DEL GUAIRA
204.15.0.0,204.15.0,0-VILLA HAYES
205.0.0.0,205.0.0,0-ASUNCION
205.3.0.0,205.3.0,0-CAACUPE
205.3.27.0,205.3.27,0-PIRIBEBUY
205.6.15.0,205.6.15,0-TAVAI
205.7.0.0,205.7.0,0-ENCARNACION 
205.9.1.0,205.9.1,0-ACAHAY
205.10.0.0,205.10.0,0-CIUDAD DEL ESTE
205.11.1.0,205.11.1,0-CAPIATA
205.11.13.0,205.11.13,0-LAMBARE
205.11.17.0,205.11.17,0-LUQUE
205.15.0.0,205.15.0,0-VILLA HAYES
205.15.1.0,205.15.1,0-BENJAMIN ACEVAL
206.4.0.0,206.4.0,0-VILLARRICA
206.11.35.0,206.11.35,0-YPANE
207.0.0.0,207.0.0,0-ASUNCION
207.1.11.0,207.1.11,0-ARROYITO
207.2.9.0,207.2.9,0-GRAL. ELIZARDO AQUINO
207.3.35.0,207.3.35,0-TOBATI
207.4.30.0,207.4.30,0-TEBICUARY
207.5.3.0,207.5.3,0-CAAGUAZU
207.6.17.0,207.6.17,0-YUTY
207.7.0.0,207.7.0,0-ENCARNACION 
207.8.3.0,207.8.3,0-SAN IGNACIO
207.9.5.0,207.9.5,0-CARAPEGUA
207.10.25.0,207.10.25,0-PRESIDENTE FRANCO
207.11.27.0,207.11.27,0-SAN LORENZO
207.12.0.0,207.12.0,0-PILAR 
207.13.0.0,207.13.0,0-PEDRO J. CABALLERO
207.14.3.0,207.14.3,0-FRANCISCO CABALLERO ALVAREZ
207.15.5.0,207.15.5,0-NANAWA 
207.16.0.0,207.16.0,0-FUERTE OLIMPO 
207.17.0.0,207.17.0,0-FILADELFIA 
208.0.0.0,208.0.0,0-ASUNCION
208.2.0.0,208.2.0,0-SAN PEDRO DEL YCUAMANDYJU
208.5.0.0,208.5.0,0-CORONEL OVIEDO
208.10.0.0,208.10.0,0-CIUDAD DEL ESTE
208.11.9.0,208.11.9,0-ITAUGUA
210.0.0.0,210.0.0,0-ASUNCION
210.1.0.0,210.1.0,0-CONCEPCION
210.2.13.0,210.2.13,0-GUAJAYVI
210.3.0.0,210.3.0,0-CAACUPE
210.4.0.0,210.4.0,0-VILLARRICA
210.5.3.0,210.5.3,0-CAAGUAZU
210.6.0.0,210.6.0,0-CAAZAPA
210.9.1.0,210.9.1,0-ACAHAY
210.11.1.0,210.11.1,0-CAPIATA
210.14.13.0,210.14.13,0-VILLA SAN ISIDRO CURUGUATY
210.15.0.0,210.15.0,0-VILLA HAYES
211.0.0.0,211.0.0,0-ASUNCION
211.1.0.0,211.1.0,0-CONCEPCION
211.2.13.0,211.2.13,0-GUAJAYVI
211.2.21.0,211.2.21,0-SAN ESTANISLAO
211.3.0.0,211.3.0,0-CAACUPE
211.4.0.0,211.4.0,0-VILLARRICA
211.5.0.0,211.5.0,0-CORONEL OVIEDO
211.5.3.0,211.5.3,0-CAAGUAZU
211.6.13.0,211.6.13,0-SAN JUAN NEPOMUCENO
211.7.0.0,211.7.0,0-ENCARNACION 
211.7.49.0,211.7.49,0-SAN PEDRO DEL PARANA
211.8.0.0,211.8.0,0-SAN JUAN BAUTISTA
211.9.5.0,211.9.5,0-CARAPEGUA
211.10.0.0,211.10.0,0-CIUDAD DEL ESTE
211.11.3.0,211.11.3,0-FERNANDO DE LA MORA
211.12.0.0,211.12.0,0-PILAR 
211.13.0.0,211.13.0,0-PEDRO J. CABALLERO
211.14.0.0,211.14.0,0-SALTO DEL GUAIRA
211.15.0.0,211.15.0,0-VILLA HAYES
211.16.0.0,211.16.0,0-FUERTE OLIMPO 
211.17.1.0,211.17.1,0-LOMA PLATA
211.17.3.0,211.17.3,0-MARISCAL ESTIGARRIBIA
212.0.0.0,212.0.0,0-ASUNCION
212.1.0.0,212.1.0,0-CONCEPCION
212.1.11.0,212.1.11,0-ARROYITO
212.3.0.0,212.3.0,0-CAACUPE
212.4.0.0,212.4.0,0-VILLARRICA
212.5.25.0,212.5.25,0-REPATRIACION
212.6.0.0,212.6.0,0-CAAZAPA
212.7.0.0,212.7.0,0-ENCARNACION 
212.8.3.0,212.8.3,0-SAN IGNACIO
212.9.11.0,212.9.11,0-LA COLMENA
212.10.0.0,212.10.0,0-CIUDAD DEL ESTE
212.11.17.0,212.11.17,0-LUQUE
212.12.0.0,212.12.0,0-PILAR 
212.13.0.0,212.13.0,0-PEDRO J. CABALLERO
212.14.13.0,212.14.13,0-VILLA SAN ISIDRO CURUGUATY
212.16.0.0,212.16.0,0-FUERTE OLIMPO 
212.17.3.0,212.17.3,0-MARISCAL ESTIGARRIBIA
213.0.0.0,213.0.0,0-ASUNCION
213.1.11.0,213.1.11,0-ARROYITO
213.2.24.0,213.2.24,0-STA.ROSA DEL AGUARAY
213.3.0.0,213.3.0,0-CAACUPE
213.4.13.0,213.4.13,0-INDEPENDENCIA
213.5.3.0,213.5.3,0-CAAGUAZU
213.6.13.0,213.6.13,0-SAN JUAN NEPOMUCENO
213.7.0.0,213.7.0,0-ENCARNACION 
213.9.0.0,213.9.0,0-PARAGUARI
213.10.0.0,213.10.0,0-CIUDAD DEL ESTE
213.11.27.0,213.11.27,0-SAN LORENZO
213.12.0.0,213.12.0,0-PILAR 
213.13.0.0,213.13.0,0-PEDRO J. CABALLERO
213.14.0.0,213.14.0,0-SALTO DEL GUAIRA
213.15.0.0,213.15.0,0-VILLA HAYES
213.16.3.0,213.16.3,0-BAHIA NEGRA
213.17.3.0,213.17.3,0-MARISCAL ESTIGARRIBIA
215.0.0.0,215.0.0,0-ASUNCION
215.7.0.0,215.7.0,0-ENCARNACION 
215.10.0.0,215.10.0,0-CIUDAD DEL ESTE
215.11.27.0,215.11.27,0-SAN LORENZO
215.14.16.0,215.14.16,0-YASY CAÑY
215.17.3.0,215.17.3,0-MARISCAL ESTIGARRIBIA
216.0.0.0,216.0.0,0-ASUNCION
216.2.5.0,216.2.5,0-CAPIIBARY
216.2.11.0,216.2.11,0-GRAL. FRANCISCO RESQUIN
216.4.0.0,216.4.0,0-VILLARRICA
216.5.13.0,216.5.13,0-JOSE DOMINGO OCAMPO
216.6.17.0,216.6.17,0-YUTY
216.7.0.0,216.7.0,0-ENCARNACION 
216.7.17.0,216.7.17,0-EDELIRA
216.9.9.0,216.9.9,0-GRAL. BERNARDINO CABALLERO
216.9.21.0,216.9.21,0-SAN ROQUE GONZALEZ DE SANTA CRUZ
216.10.0.0,216.10.0,0-CIUDAD DEL ESTE
216.11.27.0,216.11.27,0-SAN LORENZO
216.12.3.0,216.12.3,0-CERRITO
216.13.0.0,216.13.0,0-PEDRO J. CABALLERO
216.14.16.0,216.14.16,0-YASY CAÑY
216.15.0.0,216.15.0,0-VILLA HAYES
217.0.0.0,217.0.0,0-ASUNCION
217.2.13.0,217.2.13,0-GUAJAYVI
217.4.0.0,217.4.0,0-VILLARRICA
217.5.3.0,217.5.3,0-CAAGUAZU
217.6.0.0,217.6.0,0-CAAZAPA
217.7.0.0,217.7.0,0-ENCARNACION 
217.10.0.0,217.10.0,0-CIUDAD DEL ESTE
217.11.23.0,217.11.23,0-ÑEMBY
217.13.0.0,217.13.0,0-PEDRO J. CABALLERO
217.15.0.0,217.15.0,0-VILLA HAYES
217.16.1.0,217.16.1,0-PUERTO CASADO
217.17.0.0,217.17.0,0-FILADELFIA 
218.0.0.0,218.0.0,0-ASUNCION
218.1.0.0,218.1.0,0-CONCEPCION
218.2.16.0,218.2.16,0-LIBERACION
218.4.0.0,218.4.0,0-VILLARRICA
218.5.3.0,218.5.3,0-CAAGUAZU
218.6.0.0,218.6.0,0-CAAZAPA
218.7.0.0,218.7.0,0-ENCARNACION 
218.8.0.0,218.8.0,0-SAN JUAN BAUTISTA
218.9.0.0,218.9.0,0-PARAGUARI
218.10.0.0,218.10.0,0-CIUDAD DEL ESTE
218.11.23.0,218.11.23,0-ÑEMBY
218.12.0.0,218.12.0,0-PILAR 
218.14.16.0,218.14.16,0-YASY CAÑY
218.15.9.0,218.15.9,0-TTE.IRALA FERNANDEZ
218.17.3.0,218.17.3,0-MARISCAL ESTIGARRIBIA
219.0.0.0,219.0.0,0-ASUNCION
219.1.0.0,219.1.0,0-CONCEPCION
219.2.0.0,219.2.0,0-SAN PEDRO DEL YCUAMANDYJU
219.3.0.0,219.3.0,0-CAACUPE
219.5.0.0,219.5.0,0-CORONEL OVIEDO
219.7.0.0,219.7.0,0-ENCARNACION 
219.8.0.0,219.8.0,0-SAN JUAN BAUTISTA
219.9.0.0,219.9.0,0-PARAGUARI
219.10.0.0,219.10.0,0-CIUDAD DEL ESTE
219.10.27.0,219.10.27,0-SAN ALBERTO
219.15.0.0,219.15.0,0-VILLA HAYES
220.0.0.0,220.0.0,0-ASUNCION
220.1.0.0,220.1.0,0-CONCEPCION
220.2.21.0,220.2.21,0-SAN ESTANISLAO
220.3.0.0,220.3.0,0-CAACUPE
220.4.0.0,220.4.0,0-VILLARRICA
220.5.0.0,220.5.0,0-CORONEL OVIEDO
220.6.0.0,220.6.0,0-CAAZAPA
220.7.0.0,220.7.0,0-ENCARNACION 
220.8.0.0,220.8.0,0-SAN JUAN BAUTISTA
220.9.0.0,220.9.0,0-PARAGUARI
220.10.0.0,220.10.0,0-CIUDAD DEL ESTE
220.11.27.0,220.11.27,0-SAN LORENZO
220.12.0.0,220.12.0,0-PILAR 
220.13.0.0,220.13.0,0-PEDRO J. CABALLERO
220.14.0.0,220.14.0,0-SALTO DEL GUAIRA
220.15.0.0,220.15.0,0-VILLA HAYES
220.16.0.0,220.16.0,0-FUERTE OLIMPO 
220.17.0.0,220.17.0,0-FILADELFIA 
221.0.0.0,221.0.0,0-ASUNCION
221.1.3.0,221.1.3,0-HORQUETA 
221.1.11.0,221.1.11,0-ARROYITO
221.2.9.0,221.2.9,0-GRAL. ELIZARDO AQUINO
221.2.21.0,221.2.21,0-SAN ESTANISLAO
221.2.22.0,221.2.22,0-SAN VICENTE PANCHOLO
221.2.24.0,221.2.24,0-STA.ROSA DEL AGUARAY
221.4.13.0,221.4.13,0-INDEPENDENCIA
221.4.19.0,221.4.19,0-JOSE A. FASSARDI
221.5.3.0,221.5.3,0-CAAGUAZU
221.5.25.0,221.5.25,0-REPATRIACION
221.5.27.0,221.5.27,0-SAN JOAQUIN
221.6.13.0,221.6.13,0-SAN JUAN NEPOMUCENO
221.7.1.0,221.7.1,0-ALTO VERA
221.7.23.0,221.7.23,0-GENERAL DELGADO
221.8.7.0,221.8.7,0-SAN PATRICIO
221.8.11.0,221.8.11,0-SANTA ROSA
221.9.5.0,221.9.5,0-CARAPEGUA
221.9.23.0,221.9.23,0-SAPUCAI
221.11.7.0,221.11.7,0-ITA
221.11.9.0,221.11.9,0-ITAUGUA
221.14.12.0,221.14.12,0-MARACANA
221.14.13.0,221.14.13,0-VILLA SAN ISIDRO CURUGUATY
222.7.0.0,222.7.0,0-ENCARNACION 
222.11.27.0,222.11.27,0-SAN LORENZO
222.15.0.0,222.15.0,0-VILLA HAYES
223.0.0.0,223.0.0,0-ASUNCION
223.1.0.0,223.1.0,0-CONCEPCION
223.2.0.0,223.2.0,0-SAN PEDRO DEL YCUAMANDYJU
223.2.16.0,223.2.16,0-LIBERACION
223.7.0.0,223.7.0,0-ENCARNACION 
223.7.17.0,223.7.17,0-EDELIRA
223.11.0.0,223.11.0,0-AREGUA
223.11.13.0,223.11.13,0-LAMBARE
224.0.0.0,224.0.0,0-ASUNCION
224.1.3.0,224.1.3,0-HORQUETA 
224.2.16.0,224.2.16,0-LIBERACION
224.3.0.0,224.3.0,0-CAACUPE
224.4.17.0,224.4.17,0-ITURBE
224.5.3.0,224.5.3,0-CAAGUAZU
224.6.0.0,224.6.0,0-CAAZAPA
224.7.0.0,224.7.0,0-ENCARNACION 
224.8.1.0,224.8.1,0-AYOLAS
224.9.17.0,224.9.17,0-QUIINDY
224.11.27.0,224.11.27,0-SAN LORENZO
224.12.0.0,224.12.0,0-PILAR 
224.13.0.0,224.13.0,0-PEDRO J. CABALLERO
224.14.11.0,224.14.11,0-NUEVA ESPERANZA
225.0.0.0,225.0.0,0-ASUNCION
225.5.11.0,225.5.11,0-DR. JUAN M. FRUTOS
225.7.0.0,225.7.0,0-ENCARNACION 
225.9.0.0,225.9.0,0-PARAGUARI
225.10.0.0,225.10.0,0-CIUDAD DEL ESTE
225.11.27.0,225.11.27,0-SAN LORENZO
225.14.7.0,225.14.7,0-KATUETE
226.0.0.0,226.0.0,0-ASUNCION
226.1.3.0,226.1.3,0-HORQUETA 
226.2.24.0,226.2.24,0-STA.ROSA DEL AGUARAY
226.3.13.0,226.3.13,0-EUSEBIO AYALA
226.4.27.0,226.4.27,0-PASO YOBAI
226.5.3.0,226.5.3,0-CAAGUAZU
226.6.11.0,226.6.11,0-MACIEL
226.7.0.0,226.7.0,0-ENCARNACION 
226.8.0.0,226.8.0,0-SAN JUAN BAUTISTA
226.9.5.0,226.9.5,0-CARAPEGUA
226.10.0.0,226.10.0,0-CIUDAD DEL ESTE
226.11.25.0,226.11.25,0-SAN ANTONIO
226.12.0.0,226.12.0,0-PILAR 
226.13.0.0,226.13.0,0-PEDRO J. CABALLERO
226.14.17.0,226.14.17,0-YPE JHU
226.15.1.0,226.15.1,0-BENJAMIN ACEVAL
226.16.1.0,226.16.1,0-PUERTO CASADO
226.17.0.0,226.17.0,0-FILADELFIA 
227.0.0.0,227.0.0,0-ASUNCION
227.11.29.0,227.11.29,0-VILLA ELISA
227.14.1.0,227.14.1,0-CORPUS CHRISTI
227.17.3.0,227.17.3,0-MCAL.ESTIGARRIBIA
228.0.0.0,228.0.0,0-ASUNCION
228.1.0.0,228.1.0,0-CONCEPCION
228.2.0.0,228.2.0,0-SAN PEDRO DEL YCUAMANDYJU
228.3.0.0,228.3.0,0-CAACUPE
228.4.0.0,228.4.0,0-VILLARRICA
228.5.0.0,228.5.0,0-CORONEL OVIEDO
228.6.0.0,228.6.0,0-CAAZAPA
228.7.0.0,228.7.0,0-ENCARNACION 
228.8.0.0,228.8.0,0-SAN JUAN BAUTISTA
228.9.0.0,228.9.0,0-PARAGUARI
228.10.0.0,228.10.0,0-CIUDAD DEL ESTE
228.11.1.0,228.11.1,0-CAPIATA
195.0.0.4,195.0.0,4-DR. EDUARDO LOPEZ MOREIRA
195.0.0.5,195.0.0,5-MAYOR BONIFACIO CABALLERO
195.0.0.6,195.0.0,6-FULGENCIO R. MORENO
195.0.0.7,195.0.0,7-DIEGO BERINO
195.0.0.8,195.0.0,8-RAFAEL MEZA
195.0.0.9,195.0.0,9-DR. ANTOLIN IRALA
195.0.0.10,195.0.0,10-DR. GASPAR ANTOLIANO GARCETE
195.0.0.11,195.0.0,11-DR. PEDRO P. PEÑA
195.0.0.12,195.0.0,12-GRAL BERNARDINO CABALLERO
195.0.0.13,195.0.0,13-BERNARDINO RIQUELME
195.0.0.14,195.0.0,14-RICARDO BRUGADA
195.0.0.15,195.0.0,15-MAYOR JOSE V. GONZALEZ
195.0.0.16,195.0.0,16-DR. JUAN MANUEL FRUTOS
195.0.0.17,195.0.0,17-GRAL. EUGENIO A. GARAY
195.0.0.18,195.0.0,18-CNEL. JUAN A. ESCURRA
195.0.0.19,195.0.0,19-EMILIO V. DIAZ DE VIVAR
228.12.0.0,228.12.0,0-PILAR 
228.13.0.0,228.13.0,0-PEDRO J. CABALLERO
228.14.13.0,228.14.13,0-VILLA SAN ISIDRO CURUGUATY
228.15.0.0,228.15.0,0-VILLA HAYES
228.16.1.0,228.16.1,0-PUERTO CASADO
228.17.1.0,228.17.1,0-LOMA PLATA
229.0.0.0,229.0.0,0-ASUNCION
229.1.0.0,229.1.0,0-CONCEPCION
229.2.13.0,229.2.13,0-GUAJAYVI
229.3.0.0,229.3.0,0-CAACUPE
229.4.0.0,229.4.0,0-VILLARRICA
229.5.3.0,229.5.3,0-CAAGUAZU
229.6.0.0,229.6.0,0-CAAZAPA
229.7.0.0,229.7.0,0-ENCARNACION 
229.8.0.0,229.8.0,0-SAN JUAN BAUTISTA
229.9.1.0,229.9.1,0-ACAHAY
229.10.0.0,229.10.0,0-CIUDAD DEL ESTE
229.11.1.0,229.11.1,0-CAPIATA
229.12.0.0,229.12.0,0-PILAR 
229.13.0.0,229.13.0,0-PEDRO J. CABALLERO
229.14.13.0,229.14.13,0-VILLA SAN ISIDRO CURUGUATY
229.15.0.0,229.15.0,0-VILLA HAYES
229.16.0.0,229.16.0,0-FUERTE OLIMPO 
229.17.0.0,229.17.0,0-FILADELFIA 
230.0.0.0,230.0.0,0-ASUNCION
230.2.31.0,230.2.31,0-YATAITY DEL NORTE
230.3.0.0,230.3.0,0-CAACUPE
230.4.27.0,230.4.27,0-PASO YOBAI
230.5.0.0,230.5.0,0-CORONEL OVIEDO
230.6.1.0,230.6.1,0-ABAI
230.6.13.0,230.6.13,0-SAN JUAN NEPOMUCENO
230.8.3.0,230.8.3,0-SAN IGNACIO
230.9.13.0,230.9.13,0-MBUYAPEY
230.10.25.0,230.10.25,0-PRESIDENTE FRANCO
230.11.27.0,230.11.27,0-SAN LORENZO
230.14.13.0,230.14.13,0-VILLA SAN ISIDRO CURUGUATY
230.15.0.0,230.15.0,0-VILLA HAYES
231.0.0.0,231.0.0,0-ASUNCION
231.1.0.0,231.1.0,0-CONCEPCION
231.1.3.0,231.1.3,0-HORQUETA 
231.2.0.0,231.2.0,0-SAN PEDRO DEL YCUAMANDYJU
231.2.2.0,231.2.2,0-25 DE DICIEMBRE 
231.2.7.0,231.2.7,0-CHORE
231.2.9.0,231.2.9,0-GRAL. ELIZARDO AQUINO
231.2.13.0,231.2.13,0-GUAJAYVI
231.2.16.0,231.2.16,0-LIBERACION
231.2.21.0,231.2.21,0-SAN ESTANISLAO
231.2.24.0,231.2.24,0-STA.ROSA DEL AGUARAY
231.3.0.0,231.3.0,0-CAACUPE
231.3.13.0,231.3.13,0-EUSEBIO AYALA
231.3.27.0,231.3.27,0-PIRIBEBUY
231.3.29.0,231.3.29,0-SAN BERNARDINO 
231.4.0.0,231.4.0,0-VILLARRICA
231.5.0.0,231.5.0,0-CORONEL OVIEDO
231.5.1.0,231.5.1,0-3 DE FEBRERO
231.5.3.0,231.5.3,0-CAAGUAZU
231.5.25.0,231.5.25,0-REPATRIACION
231.6.0.0,231.6.0,0-CAAZAPA
231.6.13.0,231.6.13,0-SAN JUAN NEPOMUCENO
231.7.0.0,231.7.0,0-ENCARNACION 
231.8.0.0,231.8.0,0-SAN JUAN BAUTISTA
231.8.3.0,231.8.3,0-SAN IGNACIO
231.9.0.0,231.9.0,0-PARAGUARI
231.9.5.0,231.9.5,0-CARAPEGUA
231.9.13.0,231.9.13,0-MBUYAPEY
231.10.0.0,231.10.0,0-CIUDAD DEL ESTE
231.10.1.0,231.10.1,0-DR. J. L.  MALLORQUIN
231.10.5.0,231.10.5,0-HERNANDARIAS
231.10.9.0,231.10.9,0-ITAKYRY
231.10.11.0,231.10.11,0-JUAN E. O’LEARY
231.10.17.0,231.10.17,0-MINGA GUAZU
231.10.25.0,231.10.25,0-PRESIDENTE FRANCO
231.11.0.0,231.11.0,0-AREGUA
231.11.1.0,231.11.1,0-CAPIATA
231.11.3.0,231.11.3,0-FERNANDO DE LA MORA
231.11.5.0,231.11.5,0-GUARAMBARE
231.11.7.0,231.11.7,0-ITA
231.11.9.0,231.11.9,0-ITAUGUA
231.11.11.0,231.11.11,0-J. AUGUSTO SALDIVAR
231.11.13.0,231.11.13,0-LAMBARE
231.11.15.0,231.11.15,0-LIMPIO
231.11.17.0,231.11.17,0-LUQUE
231.11.19.0,231.11.19,0-MARIANO R. ALONSO
231.11.21.0,231.11.21,0-NUEVA ITALIA
231.11.23.0,231.11.23,0-ÑEMBY
231.11.25.0,231.11.25,0-SAN ANTONIO
231.11.27.0,231.11.27,0-SAN LORENZO
231.11.29.0,231.11.29,0-VILLA ELISA
231.11.31.0,231.11.31,0-VILLETA
231.11.33.0,231.11.33,0-YPACARAI
231.11.35.0,231.11.35,0-YPANE
231.12.0.0,231.12.0,0-PILAR 
231.13.0.0,231.13.0,0-PEDRO J. CABALLERO
231.14.0.0,231.14.0,0-SALTO DEL GUAIRA
231.15.0.0,231.15.0,0-VILLA HAYES
232.10.0.0,232.10.0,0-CIUDAD DEL ESTE
233.0.0.0,233.0.0,0-ASUNCION
233.1.0.0,233.1.0,0-CONCEPCION
233.2.0.0,233.2.0,0-SAN PEDRO DEL YCUAMANDYJU
233.3.0.0,233.3.0,0-CAACUPE
233.4.0.0,233.4.0,0-VILLARRICA
233.5.3.0,233.5.3,0-CAAGUAZU
233.6.13.0,233.6.13,0-SAN JUAN NEPOMUCENO
233.7.0.0,233.7.0,0-ENCARNACION 
233.8.3.0,233.8.3,0-SAN IGNACIO
233.9.5.0,233.9.5,0-CARAPEGUA
233.10.0.0,233.10.0,0-CIUDAD DEL ESTE
233.11.9.0,233.11.9,0-ITAUGUA
233.12.3.0,233.12.3,0-CERRITO
233.13.0.0,233.13.0,0-PEDRO J. CABALLERO
233.14.0.0,233.14.0,0-SALTO DEL GUAIRA
233.15.0.0,233.15.0,0-VILLA HAYES
233.16.2.0,233.16.2,0-CARMELO PERALTA
233.17.3.0,233.17.3,0-MCAL. ESTIGARRIBIA
235.0.0.0,235.0.0,0-ASUNCION
235.1.0.0,235.1.0,0-CONCEPCION
235.2.24.0,235.2.24,0-STA.ROSA DEL AGUARAY
235.3.11.0,235.3.11,0-EMBOSCADA
235.4.0.0,235.4.0,0-VILLARRICA
235.5.25.0,235.5.25,0-REPATRIACION
235.6.0.0,235.6.0,0-CAAZAPA
235.7.53.0,235.7.53,0-TOMAS ROMERO PEREIRA
235.8.5.0,235.8.5,0-SAN MIGUEL
235.9.17.0,235.9.17,0-QUIINDY
235.10.25.0,235.10.25,0-PRESIDENTE FRANCO
235.11.29.0,235.11.29,0-VILLA ELISA
235.12.0.0,235.12.0,0-PILAR 
235.13.0.0,235.13.0,0-PEDRO J. CABALLERO
235.14.7.0,235.14.7,0-KATUETE
235.15.1.0,235.15.1,0-BENJAMIN ACEVAL
235.16.1.0,235.16.1,0-PUERTO CASADO
235.17.3.0,235.17.3,0-MARISCAL ESTIGARRIBIA
236.5.3.0,236.5.3,0-CAAGUAZU
236.6.9.0,236.6.9,0-GRAL.MORINIGO
236.10.0.0,236.10.0,0-CIUDAD DEL ESTE
236.11.23.0,236.11.23,0-ÑEMBY
236.14.0.0,236.14.0,0-SALTO DEL GUAIRA
237.0.0.0,237.0.0,0-ASUNCION
237.2.16.0,237.2.16,0-LIBERACION
237.3.5.0,237.3.5,0-ARROYOS Y ESTEROS
237.4.31.0,237.4.31,0-YATAITY DEL GUAIRA
237.5.3.0,237.5.3,0-CAAGUAZU
237.6.3.0,237.6.3,0-BUENA VISTA
237.7.53.0,237.7.53,0-TOMAS ROMERO PEREIRA
237.10.0.0,237.10.0,0-CIUDAD DEL ESTE
237.11.11.0,237.11.11,0-J. AUGUSTO SALDIVAR
237.11.19.0,237.11.19,0-MARIANO R. ALONSO
237.14.16.0,237.14.16,0-YASY CAÑY
238.0.0.0,238.0.0,0-ASUNCION
239.3.27.0,239.3.27,0-PIRIBEBUY
239.5.3.0,239.5.3,0-CAAGUAZU
239.7.35.0,239.7.35,0-MAYOR OTAÑO
239.9.13.0,239.9.13,0-MBUYAPEY
239.10.0.0,239.10.0,0-CIUDAD DEL ESTE
239.15.1.0,239.15.1,0-BENJAMIN ACEVAL
241.0.0.0,241.0.0,0-ASUNCION
241.1.0.0,241.1.0,0-CONCEPCION
241.3.0.0,241.3.0,0-CAACUPE
241.4.0.0,241.4.0,0-VILLARRICA
241.5.3.0,241.5.3,0-CAAGUAZU
241.7.53.0,241.7.53,0-TOMAS ROMERO PEREIRA
241.11.17.0,241.11.17,0-LUQUE
241.14.7.0,241.14.7,0-KATUETE
241.15.0.0,241.15.0,0-VILLA HAYES
195.0.0.1,195.0.0,1-JAIME PEÑA
195.0.0.2,195.0.0,2-DR. FACUNDO INSFRAN
195.0.0.3,195.0.0,3-DR. ANGEL FLORENTIN PENA
195.0.0.28,195.0.0,28-SECCIONAL 28 - CAPITAL
195.0.0.29,195.0.0,29-SECCIONAL 29 - CAPITAL
195.0.0.30,195.0.0,30-SECCIONAL 30 - CAPITAL
195.0.0.31,195.0.0,31-SECCIONAL 31 - CAPITAL
195.0.0.32,195.0.0,32-SECCIONAL 32 - CAPITAL
195.0.0.33,195.0.0,33-SECCIONAL 33 - CAPITAL
195.0.0.34,195.0.0,34-SECCIONAL 34 - CAPITAL
195.0.0.35,195.0.0,35-SECCIONAL 35 - CAPITAL
195.0.0.36,195.0.0,36-SECCIONAL 36 - CAPITAL
195.0.0.37,195.0.0,37-SECCIONAL 37 - CAPITAL
195.0.0.38,195.0.0,38-SECCIONAL 38 - CAPITAL
195.0.0.39,195.0.0,39-SECCIONAL 39 - CAPITAL
195.0.0.40,195.0.0,40-SECCIONAL 40 - CAPITAL
195.0.0.41,195.0.0,41-SECCIONAL 41 - CAPITAL
195.0.0.42,195.0.0,42-CAPITAL 42
195.0.0.43,195.0.0,43-CAPITAL 43
195.0.0.44,195.0.0,44-ING. DON LUIS GONZAGA GARAY
195.0.0.45,195.0.0,45-CAPITAL 45
195.0.0.20,195.0.0,20-AGUSTIN CARMELO CANDIA
195.0.0.21,195.0.0,21-DR. ANTOLIN SOSA
195.0.0.22,195.0.0,22-DR. JUAN LEON MALLORQUIN
195.0.0.23,195.0.0,23-EDUARDO FLEITAS
195.0.0.24,195.0.0,24-DR. VICTOR BOETTNER
195.0.0.25,195.0.0,25-HIPOLITO SANCHEZ
195.0.0.26,195.0.0,26-SECCIONAL 26 - CAPITAL
195.0.0.27,195.0.0,27-SECCIONAL 27 - CAPITAL
195.2.0.263,195.2.0,263-SAN PEDRO DE YCUAMANDIYU
195.2.1.138,195.2.1,138-25 DE DICIEMBRE
195.2.1.377,195.2.1,377-COLONIA NAVIDAD
195.2.3.107,195.2.3,107-ANTEQUERA
195.2.5.334,195.2.5,334-CAPIIBARY
195.2.7.296,195.2.7,296-CHORE
195.2.9.154,195.2.9,154-GRAL. ELIZARDO AQUINO
195.2.11.300,195.2.11,300-GRAL. FRANCISCO I. RESQUIN
195.2.13.335,195.2.13,335-GUAYAYBI
195.2.13.378,195.2.13,378-BARRIO SAN PEDRO
195.2.15.183,195.2.15,183-ITACURUBI DEL ROSARIO
195.2.16.336,195.2.16,336-JOAIJHU
195.2.16.443,195.2.16,443-LIBERACION
195.2.17.194,195.2.17,194-LIMA
195.2.19.157,195.2.19,157-NUEVA GERMANIA
195.2.21.244,195.2.21,244-SAN ESTANISLAO
195.1.0.127,195.1.0,127-CONCEPCION
195.1.0.330,195.1.0,330-CONCEPCION 2
195.1.1.114,195.1.1,114-BELEN
195.1.2.333,195.1.2,333-AZOTEY
195.1.3.178,195.1.3,178-HORQUETA
195.1.4.331,195.1.4,331-SGTO. JOSE FELIX LOPEZ
195.1.5.198,195.1.5,198-LORETO
195.1.6.293,195.1.6,293-SAN CARLOS DEL APA
195.1.7.158,195.1.7,158-SAN LAZARO
195.1.7.216,195.1.7,216-VALLEMI
195.1.7.389,195.1.7,389-TRES CERROS
195.1.8.461,195.1.8,461-SAN ALFREDO
195.1.9.302,195.1.9,302-YBY-YAU
195.1.10.282,195.1.10,282-PASO BARRETO
195.1.11.332,195.1.11,332-ARROYITO
195.1.12.720,195.1.12,720-PASO HORQUETA (FICTICIA)
195.1.13.211,195.1.13,211-PUERTO FONCIERE
195.2.0.215,195.2.0,215-PUERTO YBAPOBO
195.3.0.130,195.3.0,130-CAACUPE
195.3.1.146,195.3.1,146-PRIMERO DE MARZO
195.3.3.108,195.3.3,108-ALTOS
195.3.5.109,195.3.5,109-ARROYOS Y ESTEROS
195.3.7.103,195.3.7,103-ATYRA
195.3.9.117,195.3.9,117-CARAGUATAY
195.3.11.166,195.3.11,166-EMBOSCADA
195.3.13.113,195.3.13,113-EUSEBIO AYALA (B. GRANDE)
195.3.15.184,195.3.15,184-ISLA PUCU
195.3.17.179,195.3.17,179-ITACURUBI DE LA CORDILLERA
195.3.19.193,195.3.19,193-JUAN DE MENA
195.3.21.281,195.3.21,281-LOMA GRANDE
195.3.23.291,195.3.23,291-MBOCAYATY DEL YHAGUY
195.3.25.151,195.3.25,151-NUEVA COLOMBIA
195.3.27.218,195.3.27,218-PIRIBEBUY
195.3.29.228,195.3.29,228-SAN BERNARDINO
195.2.22.380,195.2.22,380-COLONIA PANCHOLO
195.2.23.299,195.2.23,299-SAN PABLO ( EX COCUERE )
195.2.24.383,195.2.24,383-SANTA ROSA DEL AGUARAY
195.2.25.248,195.2.25,248-TACUATI
195.2.27.253,195.2.27,253-UNION
195.2.29.264,195.2.29,264-ROSARIO
195.2.31.288,195.2.31,288-YATAITY DEL NORTE
195.2.32.379,195.2.32,379-COL. GRAL. PATRICIO ESCOBAR
195.2.33.740,195.2.33,740-SAN JOSE DEL ROSARIO(FICTICIA)
195.4.13.156,195.4.13,156-INDEPENDENCIA
195.4.15.189,195.4.15,189-ITAPE
195.4.17.185,195.4.17,185-ITURBE
195.4.19.168,195.4.19,168-JOSE A. FASSARDI
195.4.21.201,195.4.21,201-MBOCAYATY ( GUAIRA )
195.4.23.137,195.4.23,137-NATALICIO TALAVERA
195.4.25.204,195.4.25,204-ÑUMI
195.4.27.374,195.4.27,374-PASO YOBAI
195.4.29.241,195.4.29,241-SAN SALVADOR
195.4.30.251,195.4.30,251-TEBICUARY
195.4.31.270,195.4.31,270-YATAITY
195.5.0.123,195.5.0,123-CNEL. FLORENTIN OVIEDO
195.5.0.338,195.5.0,338-CNEL. OVIEDO 2
195.5.0.339,195.5.0,339-CNEL. OVIEDO 3
195.3.31.312,195.3.31,312-SAN JOSE OBRERO
195.3.33.240,195.3.33,240-SANTA ELENA
195.3.35.250,195.3.35,250-TOBATI
195.3.37.255,195.3.37,255-VALENZUELA
195.4.0.254,195.4.0,254-VILLARRICA
195.4.0.337,195.4.0,337-VILLARRICA 2
195.4.1.112,195.4.1,112-BORJA
195.4.3.161,195.4.3,161-CPTAN. MAURICIO JOSE TROCHE
195.4.5.126,195.4.5,126-CORONEL MARTINEZ
195.4.7.143,195.4.7,143-DR. BOTRELL
195.4.9.177,195.4.9,177-FELIX PEREZ CARDOZO
195.4.11.136,195.4.11,136-GRAL. EUGENIO A. GARAY
195.5.11.279,195.5.11,279-DR. JUAN MANUEL FRUTOS
195.5.13.314,195.5.13,314-JOSE DOMINGO OCAMPOS
195.5.15.322,195.5.15,322-LA PASTORA
195.5.17.313,195.5.17,313-MCAL. FRANCISCO SOLANO LOPEZ
195.5.19.297,195.5.19,297-NUEVA LONDRES
195.5.20.186,195.5.20,186-NUEVA TOLEDO
195.5.21.298,195.5.21,298-R. I. 3 CORRALES
195.5.23.309,195.5.23,309-RAUL ARSENIO OVIEDO
195.5.25.285,195.5.25,285-REPATRIACION
195.5.27.245,195.5.27,245-SAN JOAQUIN
195.5.29.226,195.5.29,226-SAN JOSE DE LOS ARROYOS
195.5.31.280,195.5.31,280-DR. JUAN R.CHAVEZ (S.R.Mbutuy)
195.5.33.324,195.5.33,324-SIMON BOLIVAR
195.5.34.445,195.5.34,445-ASENTAMIENTO TEMBIAPORA
195.5.35.375,195.5.35,375-VAQUERIA
195.5.37.271,195.5.37,271-YHU
195.6.0.120,195.6.0,120-CAAZAPA
195.5.1.323,195.5.1,323-3 DE FEBRERO
195.5.3.125,195.5.3,125-CAAGUAZU
195.5.3.340,195.5.3,340-CAAGUAZU 2
195.5.3.341,195.5.3,341-CAAGUAZU 3
195.5.5.128,195.5.5,128-CARAYAO
195.5.7.142,195.5.7,142-DR. CECILIO BAEZ
195.5.9.295,195.5.9,295-DR. J. EULOGIO ESTIGARRIBIA
195.7.0.165,195.7.0,165-ENCARNACION
195.7.0.342,195.7.0,342-ENCARNACION 2
195.7.0.343,195.7.0,343-ENCARNACION 3
195.7.1.308,195.7.1,308-ALTO VERA
195.7.3.276,195.7.3,276-BELLA VISTA ( ITAPUA )
195.7.5.141,195.7.5,141-CAMBYRETA
195.7.7.140,195.7.7,140-CAPITAN MEZA
195.7.9.144,195.7.9,144-CAPITAN MIRANDA
195.7.11.283,195.7.11,283-CARLOS ANTONIO LOPEZ
195.7.13.122,195.7.13,122-CARMEN DEL PARANA
195.7.15.118,195.7.15,118-CORONEL BOGADO
195.6.1.102,195.6.1,102-ABAI
195.6.2.423,195.6.2,423-3 DE MAYO
195.6.3.115,195.6.3,115-BUENA VISTA
195.6.5.150,195.6.5,150-DR. MOISES S. BERTONI
195.6.7.266,195.6.7,266-FULGENCIO YEGROS
195.6.9.149,195.6.9,149-GRAL. HIGINIO MORINIGO
195.6.11.200,195.6.11,200-MACIEL
195.6.13.239,195.6.13,239-SAN JUAN NEPOMUCENO
195.6.15.327,195.6.15,327-TAVAI
195.6.17.267,195.6.17,267-YUTY
195.7.47.230,195.7.47,230-SAN JUAN DEL PARANA
195.7.49.238,195.7.49,238-SAN PEDRO DEL PARANA
195.7.51.304,195.7.51,304-SAN RAFAEL DEL PARANA
195.7.51.410,195.7.51,410-NARANJITO
195.7.53.303,195.7.53,303-TOMAS ROMERO PEREIRA
195.7.55.192,195.7.55,192-TRINIDAD ( ITAPUA )
195.7.57.306,195.7.57,306-YATYTAY
195.8.0.231,195.8.0,231-SAN JUAN BAUTISTA
195.8.1.105,195.8.1,105-AYOLAS
195.8.3.243,195.8.3,243-SAN IGNACIO
195.8.5.232,195.8.5,232-SAN MIGUEL
195.8.7.246,195.8.7,246-SAN PATRICIO
195.8.9.233,195.8.9,233-SANTA MARIA
195.7.17.301,195.7.17,301-EDELIRA
195.7.19.152,195.7.19,152-FRAM
195.7.21.174,195.7.21,174-GRAL. ARTIGAS
195.7.23.153,195.7.23,153-GRAL. DELGADO
195.7.25.139,195.7.25,139-HOHENAU
195.7.27.329,195.7.27,329-ITAPUA POTY
195.7.29.191,195.7.29,191-JESUS
195.7.31.247,195.7.31,247-JOSE LEANDRO OVIEDO
195.7.33.307,195.7.33,307-LA PAZ
195.7.35.147,195.7.35,147-MAYOR JULIO D. OTAÑO
195.7.37.294,195.7.37,294-NATALIO
195.7.39.206,195.7.39,206-NUEVA ALBORADA
195.7.41.148,195.7.41,148-OBLIGADO
195.7.43.305,195.7.43,305-COLONIA PIRAPO
195.7.45.229,195.7.45,229-SAN COSME Y DAMIAN
195.9.17.224,195.9.17,224-QUIINDY
195.9.19.225,195.9.19,225-QUYQUYHO
195.9.21.111,195.9.21,111-SAN ROQUE G. DE SANTACRUZ
195.9.23.242,195.9.23,242-SAPUCAI
195.9.25.252,195.9.25,252-TEBICUARY - MI
195.9.27.275,195.9.27,275-YAGUARON
195.9.29.273,195.9.29,273-YBYCUI
195.9.31.269,195.9.31,269-YBYTYMI
195.10.0.287,195.10.0,287-CIUDAD DEL ESTE
195.10.0.344,195.10.0,344-CIUDAD DEL ESTE  2
195.10.0.345,195.10.0,345-CIUDAD DEL ESTE  3
195.10.0.346,195.10.0,346-CIUDAD DEL ESTE  4
195.8.11.237,195.8.11,237-SANTA ROSA
195.8.13.234,195.8.13,234-SANTIAGO
195.8.15.257,195.8.15,257-VILLA FLORIDA
195.8.17.274,195.8.17,274-YABEBYRY
195.9.0.223,195.9.0,223-PARAGUARI
195.9.1.104,195.9.1,104-ACAHAY
195.9.3.121,195.9.3,121-CAAPUCU
195.9.5.119,195.9.5,119-CARAPEGUA
195.9.7.167,195.9.7,167-ESCOBAR
195.9.9.132,195.9.9,132-GRAL. BERNARDINO CABALLERO
195.9.11.159,195.9.11,159-LA COLMENA
195.9.12.460,195.9.12,460-MARIA ANTONIA
195.9.13.203,195.9.13,203-MBUYAPEY
195.9.15.220,195.9.15,220-PIRAYU
195.10.0.400,195.10.0,400-CIUDAD DEL ESTE 12
195.10.0.401,195.10.0,401-CIUDAD DEL ESTE 13
195.10.0.402,195.10.0,402-CIUDAD DEL ESTE 14
195.10.0.403,195.10.0,403-CIUDAD DEL ESTE 15
195.10.0.451,195.10.0,451-CIUDAD DEL ESTE 16
195.10.1.278,195.10.1,278-DR. JUAN LEON MALLORQUIN
195.10.2.405,195.10.2,405-DR. RAUL PEÑA
195.10.3.212,195.10.3,212-DOMINGO MARTINEZ DE IRALA
195.10.5.175,195.10.5,175-HERNANDARIAS
195.10.5.452,195.10.5,452-HERNANDARIAS 2
195.10.7.348,195.10.7,348-IRUÑA
195.10.9.187,195.10.9,187-ITAKYRY
195.10.9.391,195.10.9,391-ITAIPYTE
195.10.0.347,195.10.0,347-CIUDAD DEL ESTE  5
195.10.0.394,195.10.0,394-CIUDAD DEL ESTE 6
195.10.0.395,195.10.0,395-CIUDAD DEL ESTE 7
195.10.0.396,195.10.0,396-CIUDAD DEL ESTE 8
195.10.0.397,195.10.0,397-CIUDAD DEL ESTE 9
195.10.0.398,195.10.0,398-CIUDAD DEL ESTE 10
195.10.0.399,195.10.0,399-CIUDAD DEL ESTE 11
195.10.25.390,195.10.25,390-PRESIDENTE FRANCO 2
195.10.27.321,195.10.27,321-SAN ALBERTO
195.10.29.311,195.10.29,311-SAN CRISTOBAL
195.10.30.409,195.10.30,409-SANTA FE DEL PARANA
195.10.31.318,195.10.31,318-SANTA RITA
195.10.33.315,195.10.33,315-SANTA ROSA DEL MONDAY
195.10.34.326,195.10.34,326-TAVAPY
195.10.35.292,195.10.35,292-YGUAZU
195.11.0.101,195.11.0,101-AREGUA
195.11.0.433,195.11.0,433-VALLE PUCU
195.11.0.434,195.11.0,434-CAACUPE MI
195.11.1.133,195.11.1,133-CAPIATA
195.10.11.284,195.10.11,284-JUAN E. O’LEARY
195.10.13.317,195.10.13,317-LOS CEDRALES
195.10.15.325,195.10.15,325-MBARACAYU
195.10.17.277,195.10.17,277-MINGA GUAZU
195.10.19.320,195.10.19,320-MINGA PORA
195.10.21.319,195.10.21,319-NARANJAL
195.10.23.207,195.10.23,207-ÑACUNDAY
195.10.25.214,195.10.25,214-PRESIDENTE FRANCO
195.11.3.169,195.11.3,169-FERNANDO DE LA MORA
195.11.3.355,195.11.3,355-FERNANDO DE LA MORA  2
195.11.3.356,195.11.3,356-FERNANDO DE LA MORA  3
195.11.3.357,195.11.3,357-FDO. DE LA MORA 4
195.11.5.172,195.11.5,172-GUARAMBARE
195.11.7.181,195.11.7,181-DON PASTOR C. FILARTIGA
195.11.7.358,195.11.7,358-ITA  2
195.11.1.353,195.11.1,353-CAPIATA  2
195.11.1.354,195.11.1,354-CAPIATA  3
195.11.13.352,195.11.13,352-LAMBARE 4
195.11.13.385,195.11.13,385-LAMBARE 5
195.11.15.196,195.11.15,196-LIMPIO
195.11.15.363,195.11.15,363-LIMPIO  2
195.11.15.425,195.11.15,425-PIQUETE CUE - LIMPIO
195.11.15.426,195.11.15,426-VILLA MADRID - LIMPIO
195.11.15.427,195.11.15,427-RINCON DEL PEÑON - LIMPIO
195.11.17.195,195.11.17,195-LUQUE 2
195.11.17.360,195.11.17,360-LUQUE - SECCIONAL 1
195.11.17.361,195.11.17,361-LUQUE - SECCIONAL 3
195.11.9.188,195.11.9,188-ITAUGUA
195.11.9.359,195.11.9,359-ITAUGUA 2
195.11.9.408,195.11.9,408-ITAUGUA 3
195.11.11.310,195.11.11,310-J. AUGUSTO SALDIVAR
195.11.13.349,195.11.13,349-LAMBARE
195.11.13.350,195.11.13,350-LAMBARE 2
195.11.13.351,195.11.13,351-LAMBARE 3
195.11.19.366,195.11.19,366-MARIANO ROQUE ALONSO  4
195.11.19.453,195.11.19,453-MARIANO ROQUE ALONSO 5
195.11.21.145,195.11.21,145-NUEVA ITALIA
195.11.23.205,195.11.23,205-ÑEMBY
195.11.23.367,195.11.23,367-ÑEMBY NRO. 2
195.11.23.428,195.11.23,428-PAI ÑU - ÑEMBY 3
195.11.23.466,195.11.23,466-ÑEMBY 4
195.11.25.235,195.11.25,235-SAN ANTONIO
195.11.25.463,195.11.25,463-SAN ANTONIO 2
195.11.27.227,195.11.27,227-SAN LORENZO
195.11.17.362,195.11.17,362-LUQUE - SECCIONAL 4
195.11.19.202,195.11.19,202-MARIANO ROQUE ALONSO
195.11.19.364,195.11.19,364-MARIANO ROQUE ALONSO SECC. 2
195.11.19.365,195.11.19,365-MARIANO ROQUE ALONSO  3
195.11.29.371,195.11.29,371-VILLA ELISA 2
195.11.29.465,195.11.29,465-VILLA ELISA 3
195.11.31.262,195.11.31,262-VILLETA
195.11.33.265,195.11.33,265-YPACARAI
195.11.35.268,195.11.35,268-YPANE
195.12.0.219,195.12.0,219-PILAR
195.12.1.106,195.12.1,106-ALBERDI
195.12.3.131,195.12.3,131-CERRITO
195.12.5.164,195.12.5,164-DESMOCHADOS
195.12.7.171,195.12.7,171-GRAL. JOSE E. DIAZ
195.12.9.173,195.12.9,173-GUAZU CUA
195.12.11.176,195.12.11,176-HUMAITA
195.12.13.190,195.12.13,190-ISLA UMBU
195.12.15.197,195.12.15,197-LAURELES
195.12.17.222,195.12.17,222-MAYOR JOSE D. MARTINEZ
195.12.19.221,195.12.19,221-PASO DE PATRIA
195.12.21.236,195.12.21,236-SAN JUAN BAUTISTA (ÑEEMBUCU )
195.12.23.249,195.12.23,249-TACUARAS
195.12.25.256,195.12.25,256-VILLA FRANCA
195.11.27.368,195.11.27,368-SAN LORENZO  2
195.11.27.369,195.11.27,369-SAN LORENZO  3
195.11.27.370,195.11.27,370-SAN LORENZO  4
195.11.29.259,195.11.29,259-VILLA ELISA
197.10.0.427,197.10.0,427-CIUDAD DEL ESTE N° 2-6-10-15-16-21-22-23
194.10.0.427,194.10.0,427-CIUDAD DEL ESTE N° 2-6-10-15-16-21-22-23
209.10.0.427,209.10.0,427-CIUDAD DEL ESTE N° 2-6-10-15-16-21-22-23
202.10.0.427,202.10.0,427-CIUDAD DEL ESTE N° 2-6-10-15-16-21-22-23
197.10.0.430,197.10.0,430-CIUDAD DEL ESTE N° 5-17-18
195.13.0.217,195.13.0,217-PEDRO JUAN CABALLERO
195.13.0.386,195.13.0,386-SAN GERARDO
195.13.1.110,195.13.1,110-BELLA VISTA
195.13.3.129,195.13.3,129-CAPITAN BADO
197.1.0.51,197.1.0,51-CONCEPCION
194.1.0.51,194.1.0,51-CONCEPCION
209.1.0.51,209.1.0,51-CONCEPCION
202.1.0.51,202.1.0,51-CONCEPCION
197.1.1.56,197.1.1,56-BELEN
194.1.1.56,194.1.1,56-BELEN
197.1.2.58,197.1.2,58-AZOTE Y
194.1.2.58,194.1.2,58-AZOTE Y
197.1.3.59,197.1.3,59-HORQUETA
194.1.3.59,194.1.3,59-HORQUETA
194.5.9.133,194.5.9,133-DR. J. EULOGIO ESTIGARRIBIA
209.5.9.133,209.5.9,133-DR. J. EULOGIO ESTIGARRIBIA
197.5.11.134,197.5.11,134-DR. JUAN MANUEL FRUTOS
194.5.11.134,194.5.11,134-DR. JUAN MANUEL FRUTOS
209.5.11.134,209.5.11,134-DR. JUAN MANUEL FRUTOS
197.5.13.135,197.5.13,135-JOSE DOMINGO OCAMPOS
194.5.13.135,194.5.13,135-JOSE DOMINGO OCAMPOS
197.5.15.136,197.5.15,136-LA PASTORA
194.5.15.136,194.5.15,136-LA PASTORA
197.5.17.137,197.5.17,137-MCAL. FRANCISCO S. LOPEZ
194.5.17.137,194.5.17,137-MCAL. FRANCISCO S. LOPEZ
197.5.19.138,197.5.19,138-NUEVA LONDRES
194.5.19.138,194.5.19,138-NUEVA LONDRES
209.5.19.138,209.5.19,138-NUEVA LONDRES
197.5.20.389,197.5.20,389-NUEVA TOLEDO
194.5.20.389,194.5.20,389-NUEVA TOLEDO
209.5.20.389,209.5.20,389-NUEVA TOLEDO
197.5.21.139,197.5.21,139-R. I. 3 CORRALES
194.5.21.139,194.5.21,139-R. I. 3 CORRALES
209.5.21.139,209.5.21,139-R. I. 3 CORRALES
197.5.23.140,197.5.23,140-RAUL ARSENIO OVIEDO
194.5.23.140,194.5.23,140-RAUL ARSENIO OVIEDO
194.10.0.430,194.10.0,430-CIUDAD DEL ESTE N° 5-17-18
197.10.0.431,197.10.0,431-CIUDAD DEL ESTE N° 8-13-19
194.10.0.431,194.10.0,431-CIUDAD DEL ESTE N° 8-13-19
197.10.1.229,197.10.1,229-DR. JUAN LEON MALLORQUIN
194.10.1.229,194.10.1,229-DR. JUAN LEON MALLORQUIN
195.13.4.387,195.13.4,387-ZANJA PYTA
195.13.5.429,195.13.5,429-KARAPAI
195.13.6.388,195.13.6,388-CHIRIGUELO
195.14.0.286,195.14.0,286-SALTO DEL GUAIRA
209.1.3.59,209.1.3,59-HORQUETA
202.1.3.59,202.1.3,59-HORQUETA
197.1.4.53,197.1.4,53-PUENTESINHO
194.1.4.53,194.1.4,53-PUENTESINHO
197.1.5.60,197.1.5,60-LORETO
194.1.5.60,194.1.5,60-LORETO
197.1.6.55,197.1.6,55-SAN CARLOS DEL APA
194.1.6.55,194.1.6,55-SAN CARLOS DEL APA
197.1.7.61,197.1.7,61-SAN LAZARO
194.1.7.61,194.1.7,61-SAN LAZARO
197.1.7.62,197.1.7,62-VALLEMI
194.1.7.62,194.1.7,62-VALLEMI
209.1.7.62,209.1.7,62-VALLEMI
197.1.8.399,197.1.8,399-SAN ALFREDO
194.1.8.399,194.1.8,399-SAN ALFREDO
197.1.9.63,197.1.9,63-YBY YAU
194.1.9.63,194.1.9,63-YBY YAU
197.1.10.52,197.1.10,52-PASO BARRETO
194.1.10.52,194.1.10,52-PASO BARRETO
209.1.10.52,209.1.10,52-PASO BARRETO
197.1.11.57,197.1.11,57-ARROYITO
197.5.25.141,197.5.25,141-REPATRIACION
194.5.25.141,194.5.25,141-REPATRIACION
209.5.25.141,209.5.25,141-REPATRIACION
197.5.27.142,197.5.27,142-SAN JOAQUIN
194.5.27.142,194.5.27,142-SAN JOAQUIN
209.5.27.142,209.5.27,142-SAN JOAQUIN
197.5.29.143,197.5.29,143-SAN JOSE DE LOS ARROYOS
194.5.29.143,194.5.29,143-SAN JOSE DE LOS ARROYOS
209.5.29.143,209.5.29,143-SAN JOSE DE LOS ARROYOS
197.5.29.144,197.5.29,144-COLONIA UNIFICADAS
194.5.29.144,194.5.29,144-COLONIA UNIFICADAS
197.5.31.145,197.5.31,145-STA. ROSA DEL MBUTUY
194.5.31.145,194.5.31,145-STA. ROSA DEL MBUTUY
197.5.33.146,197.5.33,146-SIMON BOLIVAR
194.5.33.146,194.5.33,146-SIMON BOLIVAR
197.5.34.374,197.5.34,374-TEMBIAPORA
209.10.1.229,209.10.1,229-DR. JUAN LEON MALLORQUIN
197.10.2.398,197.10.2,398-DR. RAUL PEÑA
194.10.2.398,194.10.2,398-DR. RAUL PEÑA
197.10.3.230,197.10.3,230-DOMINGO MARTINEZ IRALA
194.10.3.230,194.10.3,230-DOMINGO MARTINEZ IRALA
197.10.5.231,197.10.5,231-HERNANDARIAS Nº2
194.10.5.231,194.10.5,231-HERNANDARIAS Nº2
197.10.5.232,197.10.5,232-HERNANDARIAS Nº1
194.10.5.232,194.10.5,232-HERNANDARIAS Nº1
209.10.5.232,209.10.5,232-HERNANDARIAS Nº1
197.10.5.365,197.10.5,365-HERNANDARIAS Nº3
194.10.5.365,194.10.5,365-HERNANDARIAS Nº3
195.14.1.290,195.14.1,290-CORPUS CHRISTI
195.14.3.316,195.14.3,316-FRANCISCO CABALLERO ALVAREZ
195.14.5.182,195.14.5,182-ITANARA
195.14.7.373,195.14.7,373-KATUETE
194.1.11.57,194.1.11,57-ARROYITO
214.1.11.57,214.1.11,57-ARROYITO
197.1.12.415,197.1.12,415-PASO HORQUETA
194.1.12.415,194.1.12,415-PASO HORQUETA
197.1.13.54,197.1.13,54-ITACUA
194.1.13.54,194.1.13,54-ITACUA
197.2.0.64,197.2.0,64-SAN PEDRO
194.2.0.64,194.2.0,64-SAN PEDRO
209.2.0.64,209.2.0,64-SAN PEDRO
197.2.0.65,197.2.0,65-PUERTO YBAPOBO
194.2.0.65,194.2.0,65-PUERTO YBAPOBO
197.2.0.443,197.2.0,443-CORREA RUGUA
194.2.0.443,194.2.0,443-CORREA RUGUA
197.2.0.444,197.2.0,444-NARANJATY
194.2.0.444,194.2.0,444-NARANJATY
197.2.0.445,197.2.0,445-COLONIA BARBERO
194.2.0.445,194.2.0,445-COLONIA BARBERO
197.2.0.446,197.2.0,446-POTRERO NARANJO
194.2.0.446,194.2.0,446-POTRERO NARANJO
197.2.1.66,197.2.1,66-25 DE DICIEMBRE
194.2.1.66,194.2.1,66-25 DE DICIEMBRE
197.2.3.67,197.2.3,67-ANTEQUERA
194.2.3.67,194.2.3,67-ANTEQUERA
197.2.5.68,197.2.5,68-CAPIIBARY
194.5.34.374,194.5.34,374-TEMBIAPORA
197.5.35.147,197.5.35,147-VAQUERIA
194.5.35.147,194.5.35,147-VAQUERIA
197.5.37.148,197.5.37,148-YHU
194.5.37.148,194.5.37,148-YHU
209.5.37.148,209.5.37,148-YHU
197.6.0.149,197.6.0,149-CAAZAPA
194.6.0.149,194.6.0,149-CAAZAPA
209.6.0.149,209.6.0,149-CAAZAPA
203.6.0.149,203.6.0,149-CAAZAPA
197.6.0.397,197.6.0,397-BOQUERON (CAAZAPA)
194.6.0.397,194.6.0,397-BOQUERON (CAAZAPA)
197.6.1.150,197.6.1,150-TUNA
194.6.1.150,194.6.1,150-TUNA
197.6.1.151,197.6.1,151-ABAI
194.6.1.151,194.6.1,151-ABAI
214.6.1.151,214.6.1,151-ABAI
197.6.2.161,197.6.2,161-3 DE MAYO
194.6.2.161,194.6.2,161-3 DE MAYO
209.6.2.161,209.6.2,161-3 DE MAYO
202.6.2.161,202.6.2,161-3 DE MAYO
197.6.2.162,197.6.2,162-SANTA URSULA
194.6.2.162,194.6.2,162-SANTA URSULA
197.6.2.163,197.6.2,163-YATAITY (3 DE MAYO)
194.6.2.163,194.6.2,163-YATAITY (3 DE MAYO)
197.10.5.436,197.10.5,436-HERNANDARIAS N°4
194.10.5.436,194.10.5,436-HERNANDARIAS N°4
197.10.7.233,197.10.7,233-IRUÑA
194.10.7.233,194.10.7,233-IRUÑA
209.10.7.233,209.10.7,233-IRUÑA
197.10.9.234,197.10.9,234-ITAKYRY
194.10.9.234,194.10.9,234-ITAKYRY
197.10.11.235,197.10.11,235-JUAN E. O’LEARY
194.10.11.235,194.10.11,235-JUAN E. O’LEARY
197.10.13.236,197.10.13,236-LOS CEDRALES
194.10.13.236,194.10.13,236-LOS CEDRALES
209.10.13.236,209.10.13,236-LOS CEDRALES
197.10.15.237,197.10.15,237-MBARACAYU
194.10.15.237,194.10.15,237-MBARACAYU
197.10.17.238,197.10.17,238-MINGA GUAZU
195.14.9.372,195.14.9,372-LA PALOMA
195.14.11.393,195.14.11,393-NUEVA ESPERANZA
195.14.12.440,195.14.12,440-MARACANA
195.14.13.124,195.14.13,124-VILLA CURUGUATY
194.2.5.68,194.2.5,68-CAPIIBARY
197.2.5.457,197.2.5,457-COLONIA ARAPYAHU
194.2.5.457,194.2.5,457-COLONIA ARAPYAHU
197.2.7.69,197.2.7,69-CHORE
194.2.7.69,194.2.7,69-CHORE
209.2.7.69,209.2.7,69-CHORE
197.2.7.454,197.2.7,454-KOKUERA
194.2.7.454,194.2.7,454-KOKUERA
197.2.9.70,197.2.9,70-JHUGUA REY
194.2.9.70,194.2.9,70-JHUGUA REY
197.2.9.71,197.2.9,71-GRAL. ELIZARDO AQUINO
194.2.9.71,194.2.9,71-GRAL. ELIZARDO AQUINO
197.2.11.73,197.2.11,73-GRAL. ISIDORO RESQUIN
194.2.11.73,194.2.11,73-GRAL. ISIDORO RESQUIN
209.2.11.73,209.2.11,73-GRAL. ISIDORO RESQUIN
197.2.11.449,197.2.11,449-COLONIA NARANJITO
194.2.11.449,194.2.11,449-COLONIA NARANJITO
197.2.13.74,197.2.13,74-CIA. SAN PEDRO
194.2.13.74,194.2.13,74-CIA. SAN PEDRO
197.6.3.152,197.6.3,152-BUENA VISTA
194.6.3.152,194.6.3,152-BUENA VISTA
197.6.5.153,197.6.5,153-DR. MOISES BERTONI
194.6.5.153,194.6.5,153-DR. MOISES BERTONI
209.6.5.153,209.6.5,153-DR. MOISES BERTONI
197.6.7.154,197.6.7,154-FULGENCIO YEGROS
194.6.7.154,194.6.7,154-FULGENCIO YEGROS
197.6.9.155,197.6.9,155-GRAL. H. MORINIGO
194.6.9.155,194.6.9,155-GRAL. H. MORINIGO
197.6.11.156,197.6.11,156-MACIEL
194.6.11.156,194.6.11,156-MACIEL
209.6.11.156,209.6.11,156-MACIEL
197.6.13.157,197.6.13,157-CIA. SAN FRANCISCO
194.6.13.157,194.6.13,157-CIA. SAN FRANCISCO
197.6.13.158,197.6.13,158-CIA. SAN CARLOS
194.6.13.158,194.6.13,158-CIA. SAN CARLOS
197.6.13.159,197.6.13,159-SAN JUAN NEPOMUCENO
194.6.13.159,194.6.13,159-SAN JUAN NEPOMUCENO
209.6.13.159,209.6.13,159-SAN JUAN NEPOMUCENO
202.6.13.159,202.6.13,159-SAN JUAN NEPOMUCENO
197.6.15.160,197.6.15,160-TAVAI
194.6.15.160,194.6.15,160-TAVAI
197.6.17.164,197.6.17,164-YUTY
194.6.17.164,194.6.17,164-YUTY
194.10.29.246,194.10.29,246-SAN CRISTOBAL
209.10.29.246,209.10.29,246-SAN CRISTOBAL
197.10.30.359,197.10.30,359-SANTA FE DEL PARANA
194.10.30.359,194.10.30,359-SANTA FE DEL PARANA
209.10.30.359,209.10.30,359-SANTA FE DEL PARANA
197.10.31.247,197.10.31,247-SANTA RITA
194.10.31.247,194.10.31,247-SANTA RITA
209.10.31.247,209.10.31,247-SANTA RITA
197.10.33.248,197.10.33,248-STA. ROSA DEL MONDAY
194.10.33.248,194.10.33,248-STA. ROSA DEL MONDAY
209.10.33.248,209.10.33,248-STA. ROSA DEL MONDAY
197.10.34.380,197.10.34,380-TAVAPY
194.10.34.380,194.10.34,380-TAVAPY
197.10.35.249,197.10.35,249-YGUAZU
194.10.35.249,194.10.35,249-YGUAZU
197.11.0.250,197.11.0,250-AREGUA Nº1
194.11.0.250,194.11.0,250-AREGUA Nº1
209.11.0.250,209.11.0,250-AREGUA Nº1
197.11.0.367,197.11.0,367-AREGUA Nº2
194.11.0.367,194.11.0,367-AREGUA Nº2
195.14.14.462,195.14.14,462-PUERTO ADELA
195.14.15.261,195.14.15,261-VILLA YGATIMI
195.14.16.376,195.14.16,376-YASY KAÑY
197.2.13.75,197.2.13,75-GUAYAYBI
194.2.13.75,194.2.13,75-GUAYAYBI
209.2.13.75,209.2.13,75-GUAYAYBI
197.2.13.453,197.2.13,453-LUZ BELLA
194.2.13.453,194.2.13,453-LUZ BELLA
197.2.15.76,197.2.15,76-ITACURUBI DEL ROSARIO
194.2.15.76,194.2.15,76-ITACURUBI DEL ROSARIO
197.2.16.366,197.2.16,366-LIBERACION
194.2.16.366,194.2.16,366-LIBERACION
197.2.16.396,197.2.16,396-COLONIA JOAIJHU
194.2.16.396,194.2.16,396-COLONIA JOAIJHU
197.2.16.451,197.2.16,451-JEJUI
194.2.16.451,194.2.16,451-JEJUI
197.2.16.452,197.2.16,452-ARROYO MOROTI
194.2.16.452,194.2.16,452-ARROYO MOROTI
197.2.17.77,197.2.17,77-LIMA
194.2.17.77,194.2.17,77-LIMA
197.2.19.78,197.2.19,78-NUEVA GERMANIA
194.2.19.78,194.2.19,78-NUEVA GERMANIA
197.2.21.80,197.2.21,80-SAN ESTANISLAO
209.6.17.164,209.6.17,164-YUTY
197.7.0.165,197.7.0,165-ENCARNACION Nº1
194.7.0.165,194.7.0,165-ENCARNACION Nº1
209.7.0.165,209.7.0,165-ENCARNACION Nº1
203.7.0.165,203.7.0,165-ENCARNACION Nº1
214.7.0.165,214.7.0,165-ENCARNACION Nº1
197.7.0.166,197.7.0,166-DR. ESCULIES
194.7.0.166,194.7.0,166-DR. ESCULIES
197.7.0.400,197.7.0,400-ENCARNACION Nº2
194.7.0.400,194.7.0,400-ENCARNACION Nº2
209.7.0.400,209.7.0,400-ENCARNACION Nº2
197.7.0.401,197.7.0,401-ENCARNACION Nº3
194.7.0.401,194.7.0,401-ENCARNACION Nº3
197.7.0.402,197.7.0,402-ENCARNACION Nº4
194.11.13.260,194.11.13,260-LAMBARE Nº3
197.11.13.261,197.11.13,261-LAMBARE Nº2
194.11.13.261,194.11.13,261-LAMBARE Nº2
197.11.13.262,197.11.13,262-LAMBARE Nº1
194.11.13.262,194.11.13,262-LAMBARE Nº1
209.11.13.262,209.11.13,262-LAMBARE Nº1
203.11.13.262,203.11.13,262-LAMBARE Nº1
197.11.13.263,197.11.13,263-LAMBARE Nº4
194.11.13.263,194.11.13,263-LAMBARE Nº4
197.11.15.264,197.11.15,264-LIMPIO N°1
195.14.17.272,195.14.17,272-YPEJHU
195.14.18.328,195.14.18,328-YBYRAROVANA
195.14.19.424,195.14.19,424-YBY PYTA
195.14.20.710,195.14.20,710-LAUREL (FICTICIA)
195.15.0.258,195.15.0,258-VILLA HAYES
195.15.0.382,195.15.0,382-REMANSITO
194.2.21.80,194.2.21,80-SAN ESTANISLAO
209.2.21.80,209.2.21,80-SAN ESTANISLAO
197.2.21.388,197.2.21,388-BERTONI
194.2.21.388,194.2.21,388-BERTONI
197.2.22.72,197.2.22,72-SAN VICENTE
194.2.22.72,194.2.22,72-SAN VICENTE
209.2.22.72,209.2.22,72-SAN VICENTE
197.2.22.450,197.2.22,450-KAMBAREMBE
194.2.22.450,194.2.22,450-KAMBAREMBE
197.2.23.81,197.2.23,81-SAN PABLO
194.2.23.81,194.2.23,81-SAN PABLO
197.2.24.82,197.2.24,82-STA. ROSA DEL AGUARAY
194.2.24.82,194.2.24,82-STA. ROSA DEL AGUARAY
209.2.24.82,209.2.24,82-STA. ROSA DEL AGUARAY
197.2.24.447,197.2.24,447-SANTA BARBARA
194.2.24.447,194.2.24,447-SANTA BARBARA
197.2.24.448,197.2.24,448-YAGUARETE FOREST
194.2.24.448,194.2.24,448-YAGUARETE FOREST
197.2.25.83,197.2.25,83-TACUATI
194.7.0.402,194.7.0,402-ENCARNACION Nº4
197.7.1.167,197.7.1,167-ALTO VERA
194.7.1.167,194.7.1,167-ALTO VERA
209.7.1.167,209.7.1,167-ALTO VERA
197.7.3.168,197.7.3,168-BELLA VISTA
194.7.3.168,194.7.3,168-BELLA VISTA
209.7.3.168,209.7.3,168-BELLA VISTA
197.7.5.169,197.7.5,169-CAMBYRETA
194.7.5.169,194.7.5,169-CAMBYRETA
209.7.5.169,209.7.5,169-CAMBYRETA
197.7.5.405,197.7.5,405-ARROYO PORA
194.7.5.405,194.7.5,405-ARROYO PORA
197.7.7.170,197.7.7,170-CAPITAN MEZA
194.7.7.170,194.7.7,170-CAPITAN MEZA
209.7.7.170,209.7.7,170-CAPITAN MEZA
197.7.9.171,197.7.9,171-CAPITAN MIRANDA
194.7.9.171,194.7.9,171-CAPITAN MIRANDA
209.7.9.171,209.7.9,171-CAPITAN MIRANDA
197.7.11.172,197.7.11,172-CARLOS ANTONIO LOPEZ
194.7.11.172,194.7.11,172-CARLOS ANTONIO LOPEZ
194.11.3.253,194.11.3,253-FDO. DE LA MORA Nº3
197.11.3.254,197.11.3,254-FDO. DE LA MORA Nº2
194.11.3.254,194.11.3,254-FDO. DE LA MORA Nº2
209.11.3.254,209.11.3,254-FDO. DE LA MORA Nº2
203.11.3.254,203.11.3,254-FDO. DE LA MORA Nº2
197.11.3.255,197.11.3,255-FDO. DE LA MORA Nº1
194.11.3.255,194.11.3,255-FDO. DE LA MORA Nº1
197.11.3.406,197.11.3,406-FDO. DE LA MORA Nº4
194.11.3.406,194.11.3,406-FDO. DE LA MORA Nº4
195.15.0.430,195.15.0,430-BARRIO ALONSO
195.15.0.431,195.15.0,431-BARRIO GOLONDRINA
195.15.0.454,195.15.0,454-POZO COLORADO
195.15.1.160,195.15.1,160-BENJAMIN ACEVAL
195.15.1.392,195.15.1,392-BENJAMIN ACEVAL 2
195.15.1.432,195.15.1,432-COMPAÑIA DE CERRITO
194.2.25.83,194.2.25,83-TACUATI
197.2.27.84,197.2.27,84-UNION
194.2.27.84,194.2.27,84-UNION
197.2.29.85,197.2.29,85-ROSARIO
194.2.29.85,194.2.29,85-ROSARIO
209.2.29.85,209.2.29,85-ROSARIO
197.2.31.86,197.2.31,86-YATAITY DEL NORTE
194.2.31.86,194.2.31,86-YATAITY DEL NORTE
197.2.32.79,197.2.32,79-YRYVU CUA
194.2.32.79,194.2.32,79-YRYVU CUA
197.2.33.456,197.2.33,456-SAN JOSE DEL ROSARIO
194.2.33.456,194.2.33,456-SAN JOSE DEL ROSARIO
197.3.0.87,197.3.0,87-CAACUPE
194.3.0.87,194.3.0,87-CAACUPE
197.7.11.368,197.7.11,368-KRESSBURGO
194.7.11.368,194.7.11,368-KRESSBURGO
197.7.13.173,197.7.13,173-CARMEN DEL PARANA
194.7.13.173,194.7.13,173-CARMEN DEL PARANA
197.7.15.174,197.7.15,174-CORONEL BOGADO
194.7.15.174,194.7.15,174-CORONEL BOGADO
209.7.15.174,209.7.15,174-CORONEL BOGADO
197.7.17.175,197.7.17,175-EDELIRA
194.7.17.175,194.7.17,175-EDELIRA
209.7.17.175,209.7.17,175-EDELIRA
197.7.17.372,197.7.17,372-PIRAPEY KM. 45
194.7.17.372,194.7.17,372-PIRAPEY KM. 45
197.7.19.176,197.7.19,176-FRAM
194.7.19.176,194.7.19,176-FRAM
209.7.19.176,209.7.19,176-FRAM
197.7.21.177,197.7.21,177-GENERAL ARTIGAS
194.7.21.177,194.7.21,177-GENERAL ARTIGAS
197.7.23.178,197.7.23,178-GENERAL DELGADO
194.7.23.178,194.7.23,178-GENERAL DELGADO
197.7.25.179,197.7.25,179-HOHENAU
194.7.25.179,194.7.25,179-HOHENAU
209.7.25.179,209.7.25,179-HOHENAU
197.7.27.180,197.7.27,180-ITAPUA POTY
194.7.27.180,194.7.27,180-ITAPUA POTY
197.11.3.407,197.11.3,407-FDO. DE LA MORA Nº5
194.11.3.407,194.11.3,407-FDO. DE LA MORA Nº5
197.11.5.256,197.11.5,256-GUARAMBARE
194.11.5.256,194.11.5,256-GUARAMBARE
209.11.5.256,209.11.5,256-GUARAMBARE
197.11.7.257,197.11.7,257-ITA
194.11.7.257,194.11.7,257-ITA
209.11.7.257,209.11.7,257-ITA
195.15.2.730,195.15.2,730-CAMPO ACEVAL (FICTICIA)
195.15.3.134,195.15.3,134-COL. JOSE FALCON
195.15.4.155,195.15.4,155-GRAL. BRUGUEZ
195.15.4.442,195.15.4,442-CADETE PANDO
195.15.5.162,195.15.5,162-GASPAR RODRIGUEZ DE FRANCIA
195.15.5.163,195.15.5,163-NANAWA ( EX PUERTO ELSA )
195.15.6.135,195.15.6,135-CHACO - I
195.15.7.213,195.15.7,213-PINASCO
195.15.7.381,195.15.7,381-CEIBO
195.15.9.446,195.15.9,446-Tte. Manuel Irala Fernández
209.3.0.87,209.3.0,87-CAACUPE
203.3.0.87,203.3.0,87-CAACUPE
202.3.0.87,202.3.0,87-CAACUPE
197.3.0.378,197.3.0,378-CABAÑAS
194.3.0.378,194.3.0,378-CABAÑAS
197.3.1.88,197.3.1,88-PRIMERO DE MARZO
194.3.1.88,194.3.1,88-PRIMERO DE MARZO
197.3.3.89,197.3.3,89-ACUÑA DE FIGUEROA
194.3.3.89,194.3.3,89-ACUÑA DE FIGUEROA
197.3.3.90,197.3.3,90-ALTOS
194.3.3.90,194.3.3,90-ALTOS
209.3.3.90,209.3.3,90-ALTOS
197.3.5.91,197.3.5,91-ARROYOS Y ESTEROS
194.3.5.91,194.3.5,91-ARROYOS Y ESTEROS
209.3.5.91,209.3.5,91-ARROYOS Y ESTEROS
197.3.7.92,197.3.7,92-ATYRA
194.3.7.92,194.3.7,92-ATYRA
209.3.7.92,209.3.7,92-ATYRA
209.7.27.180,209.7.27,180-ITAPUA POTY
197.7.27.371,197.7.27,371-SAN BUENAVENTURA
194.7.27.371,194.7.27,371-SAN BUENAVENTURA
197.7.29.181,197.7.29,181-JESUS
194.7.29.181,194.7.29,181-JESUS
209.7.29.181,209.7.29,181-JESUS
202.7.29.181,202.7.29,181-JESUS
197.7.31.182,197.7.31,182-JOSE LEANDRO OVIEDO
194.7.31.182,194.7.31,182-JOSE LEANDRO OVIEDO
197.7.33.183,197.7.33,183-LA PAZ
194.7.33.183,194.7.33,183-LA PAZ
197.7.35.184,197.7.35,184-MAYOR OTAÑO
194.7.35.184,194.7.35,184-MAYOR OTAÑO
197.7.37.185,197.7.37,185-NATALIO
194.7.37.185,194.7.37,185-NATALIO
197.7.37.439,197.7.37,439-PUERTO TRIUNFO
194.7.37.439,194.7.37,439-PUERTO TRIUNFO
197.7.39.186,197.7.39,186-NUEVA ALBORADA
194.7.39.186,194.7.39,186-NUEVA ALBORADA
197.7.41.187,197.7.41,187-OBLIGADO
194.7.41.187,194.7.41,187-OBLIGADO
209.7.41.187,209.7.41,187-OBLIGADO
197.7.43.188,197.7.43,188-PIRAPO
194.7.43.188,194.7.43,188-PIRAPO
209.7.43.188,209.7.43,188-PIRAPO
197.7.45.189,197.7.45,189-SAN COSME Y DAMIAN
194.7.45.189,194.7.45,189-SAN COSME Y DAMIAN
197.7.47.190,197.7.47,190-SAN JUAN DEL PARANA
194.11.15.264,194.11.15,264-LIMPIO N°1
197.11.15.440,197.11.15,440-LIMPIO N°2
194.11.15.440,194.11.15,440-LIMPIO N°2
209.11.15.440,209.11.15,440-LIMPIO N°2
197.11.15.441,197.11.15,441-LIMPIO N°3
194.11.15.441,194.11.15,441-LIMPIO N°3
197.11.15.442,197.11.15,442-LIMPIO N°4
194.11.15.442,194.11.15,442-LIMPIO N°4
197.11.17.265,197.11.17,265-LUQUE Nº1
195.15.11.444,195.15.11,444-Tte. ESTEBAN MARTINEZ
195.16.0.170,195.16.0,170-FUERTE OLIMPO
195.16.0.210,195.16.0,210-PTO. GUARANI
195.16.1.208,195.16.1,208-LA VICTORIA ( PTO. CASADO )
195.16.2.180,195.16.2,180-COL. C. PERALTA (I. MARGARITA)
195.16.2.209,195.16.2,209-PTO. LA ESPERANZA
195.16.3.116,195.16.3,116-BAHIA NEGRA
195.17.0.447,195.17.0,447-Filadelfia
197.3.9.93,197.3.9,93-CARAGUATAY
194.3.9.93,194.3.9,93-CARAGUATAY
209.3.9.93,209.3.9,93-CARAGUATAY
197.3.11.94,197.3.11,94-EMBOSCADA
194.3.11.94,194.3.11,94-EMBOSCADA
209.3.11.94,209.3.11,94-EMBOSCADA
197.3.13.95,197.3.13,95-EUSEBIO AYALA
194.3.13.95,194.3.13,95-EUSEBIO AYALA
197.3.15.96,197.3.15,96-ISLA PUCU
194.3.15.96,194.3.15,96-ISLA PUCU
197.3.17.97,197.3.17,97-ITACURUBI DE LA CORDILLERA
194.3.17.97,194.3.17,97-ITACURUBI DE LA CORDILLERA
209.3.17.97,209.3.17,97-ITACURUBI DE LA CORDILLERA
197.3.19.98,197.3.19,98-JUAN DE MENA
194.3.19.98,194.3.19,98-JUAN DE MENA
197.3.21.99,197.3.21,99-LOMA GRANDE
194.3.21.99,194.3.21,99-LOMA GRANDE
197.3.23.100,197.3.23,100-MBOCAYATY DEL YHAGUY
194.7.47.190,194.7.47,190-SAN JUAN DEL PARANA
209.7.47.190,209.7.47,190-SAN JUAN DEL PARANA
197.7.49.191,197.7.49,191-SAN PEDRO DEL PARANA
194.7.49.191,194.7.49,191-SAN PEDRO DEL PARANA
209.7.49.191,209.7.49,191-SAN PEDRO DEL PARANA
203.7.49.191,203.7.49,191-SAN PEDRO DEL PARANA
197.7.51.192,197.7.51,192-SAN RAFAEL DEL PARANA
194.7.51.192,194.7.51,192-SAN RAFAEL DEL PARANA
209.7.51.192,209.7.51,192-SAN RAFAEL DEL PARANA
197.7.51.373,197.7.51,373-NARANJITO
194.7.51.373,194.7.51,373-NARANJITO
197.7.53.193,197.7.53,193-TOMAS ROMERO PEREIRA
194.7.53.193,194.7.53,193-TOMAS ROMERO PEREIRA
209.7.53.193,209.7.53,193-TOMAS ROMERO PEREIRA
202.7.53.193,202.7.53,193-TOMAS ROMERO PEREIRA
194.10.17.238,194.10.17,238-MINGA GUAZU
209.10.17.238,209.10.17,238-MINGA GUAZU
197.10.19.239,197.10.19,239-MINGA PORA
194.10.19.239,194.10.19,239-MINGA PORA
209.10.19.239,209.10.19,239-MINGA PORA
197.10.21.240,197.10.21,240-NARANJAL
194.10.21.240,194.10.21,240-NARANJAL
209.10.21.240,209.10.21,240-NARANJAL
197.10.23.241,197.10.23,241-ÑACUNDAY
194.10.23.241,194.10.23,241-ÑACUNDAY
209.10.23.241,209.10.23,241-ÑACUNDAY
197.10.25.242,197.10.25,242-PRESIDENTE FRANCO Nº2
194.10.25.242,194.10.25,242-PRESIDENTE FRANCO Nº2
195.17.1.448,195.17.1,448-Loma Plata
195.17.1.449,195.17.1,449-YALVE SANGA
195.17.3.199,195.17.3,199-MCAL. ESTIGARRIBIA
195.17.4.384,195.17.4,384-VILLA CHOFERES DEL CHACO
195.17.4.441,195.17.4,441-GRAL. DIAZ (BOQUERON)
195.17.4.450,195.17.4,450-NEULAND
195.90.0.455,195.90.0,455-NUEVA YORK
195.90.0.456,195.90.0,456-MIAMI DADE
195.90.0.457,195.90.0,457-NEW JERSEY
195.90.0.458,195.90.0,458-WASHINGTON DC
195.90.0.459,195.90.0,459-WESTCHESTER
195.91.0.435,195.91.0,435-MADRID
195.91.0.438,195.91.0,438-BARCELONA
195.91.0.439,195.91.0,439-DON IGNACIO SAMANIEGO
195.98.0.404,195.98.0,404-AVELLANEDA (BS.AS.)
195.98.0.411,195.98.0,411-QUILMES (BS. AS.)
195.98.0.412,195.98.0,412-MERLO
195.98.0.413,195.98.0,413-LA MATANZA
195.98.0.414,195.98.0,414-CAPITAL FEDERAL
195.98.0.415,195.98.0,415-LA PLATA
194.3.23.100,194.3.23,100-MBOCAYATY DEL YHAGUY
197.3.25.101,197.3.25,101-NUEVA COLOMBIA
194.3.25.101,194.3.25,101-NUEVA COLOMBIA
197.3.27.102,197.3.27,102-PIRIBEBUY
194.3.27.102,194.3.27,102-PIRIBEBUY
209.3.27.102,209.3.27,102-PIRIBEBUY
214.3.27.102,214.3.27,102-PIRIBEBUY
197.3.29.103,197.3.29,103-SAN BERNARDINO
194.3.29.103,194.3.29,103-SAN BERNARDINO
209.3.29.103,209.3.29,103-SAN BERNARDINO
197.3.31.104,197.3.31,104-SAN JOSE OBRERO
194.3.31.104,194.3.31,104-SAN JOSE OBRERO
197.3.33.105,197.3.33,105-SANTA ELENA
194.3.33.105,194.3.33,105-SANTA ELENA
197.3.35.106,197.3.35,106-TOBATI
194.3.35.106,194.3.35,106-TOBATI
197.7.53.369,197.7.53,369-KM. 58 KUARAHY RESE
194.7.53.369,194.7.53,369-KM. 58 KUARAHY RESE
197.7.53.370,197.7.53,370-BARRIOS UNIDOS
194.7.53.370,194.7.53,370-BARRIOS UNIDOS
197.7.55.194,197.7.55,194-TRINIDAD
194.7.55.194,194.7.55,194-TRINIDAD
209.7.55.194,209.7.55,194-TRINIDAD
197.7.57.195,197.7.57,195-YATYTAY
194.7.57.195,194.7.57,195-YATYTAY
197.8.0.196,197.8.0,196-SAN JUAN BAUTISTA
194.8.0.196,194.8.0,196-SAN JUAN BAUTISTA
209.8.0.196,209.8.0,196-SAN JUAN BAUTISTA
214.8.0.196,214.8.0,196-SAN JUAN BAUTISTA
197.8.1.197,197.8.1,197-AYOLAS
194.8.1.197,194.8.1,197-AYOLAS
209.8.1.197,209.8.1,197-AYOLAS
197.8.3.198,197.8.3,198-SAN IGNACIO
194.8.3.198,194.8.3,198-SAN IGNACIO
197.11.9.258,197.11.9,258-ITAUGUA
194.11.9.258,194.11.9,258-ITAUGUA
209.11.9.258,209.11.9,258-ITAUGUA
197.11.11.259,197.11.11,259-J. A. SALDIVAR N°1
195.98.0.419,195.98.0,419-TIGRE
195.98.0.420,195.98.0,"420-FLORENCIO VARELA (PROV.BB,AA.)"
195.98.0.421,195.98.0,421-JUAN R. CHAVES (Cap.Federal)
195.98.0.422,195.98.0,422-JOSE C. PAZ
195.98.0.500,195.98.0,500-BERAZATEGUI
195.98.0.501,195.98.0,501-BARRACA
195.98.0.502,195.98.0,502-SAN MIGUEL
195.98.0.503,195.98.0,503-RAFAEL CALZADA
197.0.0.1,197.0.0,1-ZONA 01 - SAJONIA
194.0.0.1,194.0.0,1-ZONA 01 - SAJONIA
209.0.0.1,209.0.0,1-ZONA 01 - SAJONIA
203.0.0.1,203.0.0,1-ZONA 01 - SAJONIA
197.0.0.2,197.0.0,2-ZONA 02 - SAN ANTONIO
194.0.0.2,194.0.0,2-ZONA 02 - SAN ANTONIO
209.0.0.2,209.0.0,2-ZONA 02 - SAN ANTONIO
197.0.0.3,197.0.0,3-ZONA 03 - DR. FRANCIA
194.0.0.3,194.0.0,3-ZONA 03 - DR. FRANCIA
197.0.0.4,197.0.0,4-ZONA 04 - TACUMBU
194.0.0.4,194.0.0,4-ZONA 04 - TACUMBU
209.3.35.106,209.3.35,106-TOBATI
203.3.35.106,203.3.35,106-TOBATI
197.3.37.107,197.3.37,107-VALENZUELA
194.3.37.107,194.3.37,107-VALENZUELA
197.4.0.108,197.4.0,108-VILLARRICA
194.4.0.108,194.4.0,108-VILLARRICA
209.4.0.108,209.4.0,108-VILLARRICA
214.4.0.108,214.4.0,108-VILLARRICA
203.4.0.108,203.4.0,108-VILLARRICA
197.4.1.109,197.4.1,109-BORJA
194.4.1.109,194.4.1,109-BORJA
197.4.3.110,197.4.3,110-MAURICIO JOSE TROCHE
194.4.3.110,194.4.3,110-MAURICIO JOSE TROCHE
203.4.3.110,203.4.3,110-MAURICIO JOSE TROCHE
197.4.5.111,197.4.5,111-CORONEL MARTINEZ
194.4.5.111,194.4.5,111-CORONEL MARTINEZ
209.8.3.198,209.8.3,198-SAN IGNACIO
197.8.5.199,197.8.5,199-SAN MIGUEL
194.8.5.199,194.8.5,199-SAN MIGUEL
197.8.7.200,197.8.7,200-SAN PATRICIO
194.8.7.200,194.8.7,200-SAN PATRICIO
197.8.9.201,197.8.9,201-SANTA MARIA
194.8.9.201,194.8.9,201-SANTA MARIA
209.8.9.201,209.8.9,201-SANTA MARIA
197.8.11.202,197.8.11,202-SANTA ROSA
194.8.11.202,194.8.11,202-SANTA ROSA
209.8.11.202,209.8.11,202-SANTA ROSA
197.8.13.203,197.8.13,203-SANTIAGO
194.8.13.203,194.8.13,203-SANTIAGO
197.8.15.204,197.8.15,204-VILLA FLORIDA
194.8.15.204,194.8.15,204-VILLA FLORIDA
197.8.17.205,197.8.17,205-YABEBYRY
194.8.17.205,194.8.17,205-YABEBYRY
197.9.0.206,197.9.0,206-PARAGUARI
194.9.0.206,194.9.0,206-PARAGUARI
209.9.0.206,209.9.0,206-PARAGUARI
197.9.1.207,197.9.1,207-ACAHAY
197.11.0.393,197.11.0,393-AREGUA Nº3
194.11.0.393,194.11.0,393-AREGUA Nº3
197.11.1.251,197.11.1,251-CAPIATA Nº2
194.11.1.251,194.11.1,251-CAPIATA Nº2
209.11.1.251,209.11.1,251-CAPIATA Nº2
197.11.1.252,197.11.1,252-CAPIATA Nº1
194.11.1.252,194.11.1,252-CAPIATA Nº1
197.0.0.5,197.0.0,5-ZONA 05 - BAÑADO TACUMBU
194.0.0.5,194.0.0,5-ZONA 05 - BAÑADO TACUMBU
197.0.0.6,197.0.0,6-ZONA 06 - CATEDRAL
194.0.0.6,194.0.0,6-ZONA 06 - CATEDRAL
214.0.0.6,214.0.0,6-ZONA 06 - CATEDRAL
202.0.0.6,202.0.0,6-ZONA 06 - CATEDRAL
197.0.0.7,197.0.0,7-ZONA 07 - GRAL. DIAZ
194.0.0.7,194.0.0,7-ZONA 07 - GRAL. DIAZ
197.0.0.8,197.0.0,8-ZONA 08 - BARRIO OBRERO
194.0.0.8,194.0.0,8-ZONA 08 - BARRIO OBRERO
209.0.0.8,209.0.0,8-ZONA 08 - BARRIO OBRERO
197.0.0.9,197.0.0,9-ZONA 09 - ROBERTO L. PETIT
194.0.0.9,194.0.0,9-ZONA 09 - ROBERTO L. PETIT
197.0.0.10,197.0.0,10-ZONA 10 - SANTA ANA
194.0.0.10,194.0.0,10-ZONA 10 - SANTA ANA
197.0.0.11,197.0.0,11-ZONA 11 - SAN ROQUE
194.0.0.11,194.0.0,11-ZONA 11 - SAN ROQUE
209.0.0.11,209.0.0,11-ZONA 11 - SAN ROQUE
197.4.7.113,197.4.7,113-DR. BOTRELL
194.4.7.113,194.4.7,113-DR. BOTRELL
197.4.9.114,197.4.9,114-FELIX PEREZ CARDOZO
194.4.9.114,194.4.9,114-FELIX PEREZ CARDOZO
197.4.11.115,197.4.11,115-GRAL. EUGENIO A. GARAY
194.4.11.115,194.4.11,115-GRAL. EUGENIO A. GARAY
197.4.13.116,197.4.13,116-COLONIA PFNNL-POTRERO
194.4.13.116,194.4.13,116-COLONIA PFNNL-POTRERO
197.4.13.117,197.4.13,117-SANTA CECILIA
194.4.13.117,194.4.13,117-SANTA CECILIA
197.4.13.118,197.4.13,118-INDEPENDENCIA
194.4.13.118,194.4.13,118-INDEPENDENCIA
209.4.13.118,209.4.13,118-INDEPENDENCIA
197.4.15.119,197.4.15,119-ITAPE
194.4.15.119,194.4.15,119-ITAPE
197.4.17.120,197.4.17,120-ITURBE
194.4.17.120,194.4.17,120-ITURBE
197.4.19.121,197.4.19,121-JOSE A. FASSARDI
194.4.19.121,194.4.19,121-JOSE A. FASSARDI
197.4.21.122,197.4.21,122-MBOCAYATY ( GUAIRA )
194.4.21.122,194.4.21,122-MBOCAYATY ( GUAIRA )
197.4.23.123,197.4.23,123-NATALICIO TALAVERA
194.4.23.123,194.4.23,123-NATALICIO TALAVERA
197.4.25.124,197.4.25,124-ÑUMI
194.4.25.124,194.4.25,124-ÑUMI
197.4.27.125,197.4.27,125-PASO YOBAI
194.4.27.125,194.4.27,125-PASO YOBAI
194.9.1.207,194.9.1,207-ACAHAY
209.9.1.207,209.9.1,207-ACAHAY
197.9.3.208,197.9.3,208-CAAPUCU
194.9.3.208,194.9.3,208-CAAPUCU
197.9.5.209,197.9.5,209-CARAPEGUA
194.9.5.209,194.9.5,209-CARAPEGUA
209.9.5.209,209.9.5,209-CARAPEGUA
197.9.7.210,197.9.7,210-ESCOBAR
194.9.7.210,194.9.7,210-ESCOBAR
197.9.9.211,197.9.9,211-GRAL. B. CABALLERO
194.9.9.211,194.9.9,211-GRAL. B. CABALLERO
209.9.9.211,209.9.9,211-GRAL. B. CABALLERO
197.9.11.212,197.9.11,212-LA COLMENA
194.9.11.212,194.9.11,212-LA COLMENA
197.9.12.413,197.9.12,413-MARIA ANTONIA
194.9.12.413,194.9.12,413-MARIA ANTONIA
214.9.12.413,214.9.12,413-MARIA ANTONIA
197.9.13.213,197.9.13,213-MBUYAPEY
209.10.25.242,209.10.25,242-PRESIDENTE FRANCO Nº2
197.10.25.243,197.10.25,243-PRESIDENTE FRANCO Nº1
194.10.25.243,194.10.25,243-PRESIDENTE FRANCO Nº1
197.10.25.244,197.10.25,244-PRESIDENTE FRANCO Nº3
194.10.25.244,194.10.25,244-PRESIDENTE FRANCO Nº3
197.10.27.245,197.10.27,245-SAN ALBERTO
194.10.27.245,194.10.27,245-SAN ALBERTO
197.10.29.246,197.10.29,246-SAN CRISTOBAL
197.0.0.12,197.0.0,12-ZONA 12 - LAS MERCEDES
194.0.0.12,194.0.0,12-ZONA 12 - LAS MERCEDES
197.0.0.13,197.0.0,13-ZONA 13 - CIUDAD NUEVA
194.0.0.13,194.0.0,13-ZONA 13 - CIUDAD NUEVA
197.0.0.14,197.0.0,14-ZONA 14 - PETTIROSSI
194.0.0.14,194.0.0,14-ZONA 14 - PETTIROSSI
197.0.0.15,197.0.0,15-ZONA 15 - SAN VICENTE
194.0.0.15,194.0.0,15-ZONA 15 - SAN VICENTE
209.0.0.15,209.0.0,15-ZONA 15 - SAN VICENTE
197.0.0.16,197.0.0,16-ZONA 16 - REPUBLICANO
194.0.0.16,194.0.0,16-ZONA 16 - REPUBLICANO
209.0.0.16,209.0.0,16-ZONA 16 - REPUBLICANO
197.0.0.17,197.0.0,17-ZONA 17 - ITA ENRAMADA
194.0.0.17,194.0.0,17-ZONA 17 - ITA ENRAMADA
197.0.0.18,197.0.0,18-ZONA 18 - BARRIO JARA
194.0.0.18,194.0.0,18-ZONA 18 - BARRIO JARA
197.0.0.19,197.0.0,19-ZONA 19 - BERNARDINO CABALLERO
194.0.0.19,194.0.0,19-ZONA 19 - BERNARDINO CABALLERO
197.0.0.20,197.0.0,20-ZONA 20 - PINOZA
194.0.0.20,194.0.0,20-ZONA 20 - PINOZA
203.4.27.125,203.4.27,125-PASO YOBAI
197.4.29.126,197.4.29,126-SAN SALVADOR
194.4.29.126,194.4.29,126-SAN SALVADOR
197.4.30.112,197.4.30,112-TEBICUARY
194.4.30.112,194.4.30,112-TEBICUARY
197.4.31.127,197.4.31,127-YATAITY
194.4.31.127,194.4.31,127-YATAITY
197.5.0.128,197.5.0,128-CORONEL OVIEDO
194.5.0.128,194.5.0,128-CORONEL OVIEDO
209.5.0.128,209.5.0,128-CORONEL OVIEDO
202.5.0.128,202.5.0,128-CORONEL OVIEDO
194.9.13.213,194.9.13,213-MBUYAPEY
209.9.13.213,209.9.13,213-MBUYAPEY
197.9.15.214,197.9.15,214-PIRAYU
194.9.15.214,194.9.15,214-PIRAYU
197.9.17.215,197.9.17,215-QUIINDY
194.9.17.215,194.9.17,215-QUIINDY
209.9.17.215,209.9.17,215-QUIINDY
202.9.17.215,202.9.17,215-QUIINDY
197.9.19.216,197.9.19,216-QUYQUYHO
194.9.19.216,194.9.19,216-QUYQUYHO
197.9.21.217,197.9.21,217-ROQUE GONZALEZ DE SANTA CRUZ
194.9.21.217,194.9.21,217-ROQUE GONZALEZ DE SANTA CRUZ
202.9.21.217,202.9.21,217-ROQUE GONZALEZ DE SANTA CRUZ
197.9.23.218,197.9.23,218-SAPUCAI
194.9.23.218,194.9.23,218-SAPUCAI
209.9.23.218,209.9.23,218-SAPUCAI
197.9.25.219,197.9.25,219-TEBICUARY MI
194.9.25.219,194.9.25,219-TEBICUARY MI
197.9.27.220,197.9.27,220-YAGUARON
194.9.27.220,194.9.27,220-YAGUARON
209.9.27.220,209.9.27,220-YAGUARON
194.11.11.259,194.11.11,259-J. A. SALDIVAR N°1
209.11.11.259,209.11.11,259-J. A. SALDIVAR N°1
197.11.11.438,197.11.11,438-J. A. SALDIVAR N°2
194.11.11.438,194.11.11,438-J. A. SALDIVAR N°2
197.11.13.260,197.11.13,260-LAMBARE Nº3
209.0.0.20,209.0.0,20-ZONA 20 - PINOZA
197.0.0.21,197.0.0,21-ZONA 21 - MBURICAO
194.0.0.21,194.0.0,21-ZONA 21 - MBURICAO
197.0.0.22,197.0.0,22-ZONA 22 - VISTA ALEGRE
194.0.0.22,194.0.0,22-ZONA 22 - VISTA ALEGRE
209.0.0.22,209.0.0,22-ZONA 22 - VISTA ALEGRE
197.0.0.23,197.0.0,23-ZONA 23 - NAZARETH
194.0.0.23,194.0.0,23-ZONA 23 - NAZARETH
197.0.0.24,197.0.0,24-ZONA 24 - RECOLETA
194.0.0.24,194.0.0,24-ZONA 24 - RECOLETA
209.0.0.24,209.0.0,24-ZONA 24 - RECOLETA
197.0.0.25,197.0.0,25-ZONA 25 - VILLA MORRA
194.0.0.25,194.0.0,25-ZONA 25 - VILLA MORRA
209.0.0.25,209.0.0,25-ZONA 25 - VILLA MORRA
197.0.0.26,197.0.0,26-ZONA 26 - YCUA SATI
194.0.0.26,194.0.0,26-ZONA 26 - YCUA SATI
197.0.0.27,197.0.0,27-ZONA 27 - SAN CRISTOBAL
194.0.0.27,194.0.0,27-ZONA 27 - SAN CRISTOBAL
209.0.0.27,209.0.0,27-ZONA 27 - SAN CRISTOBAL
197.0.0.28,197.0.0,28-ZONA 28 - MCAL. ESTIGARRIBIA
194.0.0.28,194.0.0,28-ZONA 28 - MCAL. ESTIGARRIBIA
197.0.0.29,197.0.0,29-ZONA 29 - CAAGUY RORY
194.0.0.29,194.0.0,29-ZONA 29 - CAAGUY RORY
197.0.0.30,197.0.0,30-ZONA 30 - TERMINAL
194.0.0.30,194.0.0,30-ZONA 30 - TERMINAL
197.0.0.31,197.0.0,31-ZONA 31 - SAN PABLO
194.0.0.31,194.0.0,31-ZONA 31 - SAN PABLO
209.0.0.31,209.0.0,31-ZONA 31 - SAN PABLO
197.0.0.32,197.0.0,32-ZONA 32 - VILLA AURELIA
194.0.0.32,194.0.0,32-ZONA 32 - VILLA AURELIA
197.5.1.129,197.5.1,129-3 DE FEBRERO
194.5.1.129,194.5.1,129-3 DE FEBRERO
197.5.3.130,197.5.3,130-CAAGUAZU
194.5.3.130,194.5.3,130-CAAGUAZU
197.9.29.221,197.9.29,221-YBYCUI
194.9.29.221,194.9.29,221-YBYCUI
197.9.31.222,197.9.31,222-YBYTYMI
194.9.31.222,194.9.31,222-YBYTYMI
197.10.0.223,197.10.0,223-CIUDAD DEL ESTE Nº 1-9
194.10.0.223,194.10.0,223-CIUDAD DEL ESTE Nº 1-9
197.10.0.225,197.10.0,225-CIUDAD DEL ESTE Nº 3-12
209.11.1.252,209.11.1,252-CAPIATA Nº1
203.11.1.252,203.11.1,252-CAPIATA Nº1
197.11.1.408,197.11.1,408-CAPIATA Nº3
194.11.1.408,194.11.1,408-CAPIATA Nº3
197.11.1.409,197.11.1,409-CAPIATA Nº4
194.11.1.409,194.11.1,409-CAPIATA Nº4
197.11.3.253,197.11.3,253-FDO. DE LA MORA Nº3
197.0.0.33,197.0.0,33-ZONA 33 - BARRIO HERRERA
194.0.0.33,194.0.0,33-ZONA 33 - BARRIO HERRERA
197.0.0.34,197.0.0,34-ZONA 34 - SAN JORGE
194.0.0.34,194.0.0,34-ZONA 34 - SAN JORGE
197.0.0.35,197.0.0,35-ZONA 35 - SANTA MARIA
194.0.0.35,194.0.0,35-ZONA 35 - SANTA MARIA
209.0.0.35,209.0.0,35-ZONA 35 - SANTA MARIA
197.0.0.36,197.0.0,36-ZONA 36 - TABLADA NUEVA
194.0.0.36,194.0.0,36-ZONA 36 - TABLADA NUEVA
197.0.0.37,197.0.0,37-ZONA 37 - VIRGEN DEL HUERTO
194.0.0.37,194.0.0,37-ZONA 37 - VIRGEN DEL HUERTO
209.0.0.37,209.0.0,37-ZONA 37 - VIRGEN DEL HUERTO
197.0.0.38,197.0.0,38-ZONA 38 - BELLA VISTA
194.0.0.38,194.0.0,38-ZONA 38 - BELLA VISTA
197.0.0.39,197.0.0,39-ZONA 39 - SANTA ROSA
194.0.0.39,194.0.0,39-ZONA 39 - SANTA ROSA
197.0.0.40,197.0.0,40-ZONA 40 - VIRGEN DE LA ASUNCION
194.0.0.40,194.0.0,40-ZONA 40 - VIRGEN DE LA ASUNCION
197.0.0.41,197.0.0,41-ZONA 41 - VIRGEN DE FATIMA
194.0.0.41,194.0.0,41-ZONA 41 - VIRGEN DE FATIMA
197.0.0.42,197.0.0,42-ZONA 42 - SAN RAFAEL
194.0.0.42,194.0.0,42-ZONA 42 - SAN RAFAEL
197.0.0.43,197.0.0,43-ZONA 43 - SANTISIMA TRINIDAD
194.0.0.43,194.0.0,43-ZONA 43 - SANTISIMA TRINIDAD
197.0.0.44,197.0.0,44-ZONA 44 - MANORA
194.0.0.44,194.0.0,44-ZONA 44 - MANORA
209.0.0.44,209.0.0,44-ZONA 44 - MANORA
203.0.0.44,203.0.0,44-ZONA 44 - MANORA
197.0.0.45,197.0.0,45-ZONA 45 - MBURUCUYA
209.5.3.130,209.5.3,130-CAAGUAZU
202.5.3.130,202.5.3,130-CAAGUAZU
197.5.5.131,197.5.5,131-CARAYAO
194.5.5.131,194.5.5,131-CARAYAO
197.5.7.132,197.5.7,132-DR. CECILIO BAEZ
194.5.7.132,194.5.7,132-DR. CECILIO BAEZ
209.5.7.132,209.5.7,132-DR. CECILIO BAEZ
197.5.9.133,197.5.9,133-DR. J. EULOGIO ESTIGARRIBIA
194.10.0.225,194.10.0,225-CIUDAD DEL ESTE Nº 3-12
197.10.0.379,197.10.0,379-CIUDAD DEL ESTE Nº 7-14
194.10.0.379,194.10.0,379-CIUDAD DEL ESTE Nº 7-14
197.10.0.423,197.10.0,423-CIUDAD DEL ESTE N° 4-11-20
194.10.0.423,194.10.0,423-CIUDAD DEL ESTE N° 4-11-20
195.12.27.260,195.12.27,260-VILLA OLIVA
195.12.29.289,195.12.29,289-VILLALBIN
194.0.0.45,194.0.0,45-ZONA 45 - MBURUCUYA
197.0.0.46,197.0.0,46-ZONA 46 - VILLA GUARANI
194.0.0.46,194.0.0,46-ZONA 46 - VILLA GUARANI
209.0.0.46,209.0.0,46-ZONA 46 - VILLA GUARANI
197.0.0.47,197.0.0,47-ZONA 47 - BOTANICO
194.0.0.47,194.0.0,47-ZONA 47 - BOTANICO
209.0.0.47,209.0.0,47-ZONA 47 - BOTANICO
197.0.0.48,197.0.0,48-ZONA 48 - ZEBALLOS CUE
194.0.0.48,194.0.0,48-ZONA 48 - ZEBALLOS CUE
197.0.0.49,197.0.0,49-ZONA 49 - LOMA PYTA
194.0.0.49,194.0.0,49-ZONA 49 - LOMA PYTA
197.0.0.50,197.0.0,50-ZONA 50 - LA PIEDAD
194.0.0.50,194.0.0,50-ZONA 50 - LA PIEDAD
194.11.17.363,194.11.17,363-LUQUE Nº3
197.11.17.363,197.11.17,363-LUQUE Nº3
197.11.17.364,197.11.17,364-LUQUE Nº4
194.11.17.364,194.11.17,364-LUQUE Nº4
197.11.19.266,197.11.19,266-MARIANO R. ALONSO Nº1
194.11.19.266,194.11.19,266-MARIANO R. ALONSO Nº1
209.11.19.266,209.11.19,266-MARIANO R. ALONSO Nº1
197.11.19.381,197.11.19,381-MARIANO R. ALONSO Nº2
194.11.19.381,194.11.19,381-MARIANO R. ALONSO Nº2
194.18.2.348,194.18.2,348-NUEVA YORK
197.18.2.385,197.18.2,385-NEW JERSEY
194.18.2.385,194.18.2,385-NEW JERSEY
197.18.2.387,197.18.2,387-WASHINGTON DC
194.18.2.387,194.18.2,387-WASHINGTON DC
197.18.3.390,197.18.3,390-MADRID
194.18.3.390,194.18.3,390-MADRID
197.18.3.394,197.18.3,394-BARCELONA
194.18.3.394,194.18.3,394-BARCELONA
197.18.3.464,197.18.3,464-MALAGA
194.18.3.464,194.18.3,464-MALAGA
197.11.19.382,197.11.19,382-MARIANO R. ALONSO Nº3
194.11.19.382,194.11.19,382-MARIANO R. ALONSO Nº3
197.11.19.383,197.11.19,383-MARIANO R. ALONSO Nº4
194.11.19.383,194.11.19,383-MARIANO R. ALONSO Nº4
197.11.19.384,197.11.19,384-MARIANO R. ALONSO Nº5
194.11.19.384,194.11.19,384-MARIANO R. ALONSO Nº5
197.11.21.267,197.11.21,267-NUEVA ITALIA
194.11.21.267,194.11.21,267-NUEVA ITALIA
197.11.23.268,197.11.23,268-ÑEMBY N°1
194.11.23.268,194.11.23,268-ÑEMBY N°1
197.11.23.375,197.11.23,375-ÑEMBY N°2
194.11.23.375,194.11.23,375-ÑEMBY N°2
197.11.23.418,197.11.23,418-ÑEMBY N°3
194.11.23.418,194.11.23,418-ÑEMBY N°3
209.11.23.418,209.11.23,418-ÑEMBY N°3
197.11.23.419,197.11.23,419-ÑEMBY N°4
194.11.23.419,194.11.23,419-ÑEMBY N°4
197.11.25.269,197.11.25,269-SAN ANTONIO N°1
194.11.25.269,194.11.25,269-SAN ANTONIO N°1
209.11.25.269,209.11.25,269-SAN ANTONIO N°1
202.11.25.269,202.11.25,269-SAN ANTONIO N°1
197.11.25.437,197.11.25,437-SAN ANTONIO N°2
194.11.25.437,194.11.25,437-SAN ANTONIO N°2
209.11.25.437,209.11.25,437-SAN ANTONIO N°2
197.11.27.270,197.11.27,270-SAN LORENZO Nº4
194.11.27.270,194.11.27,270-SAN LORENZO Nº4
197.11.27.271,197.11.27,271-SAN LORENZO Nº2
194.11.27.271,194.11.27,271-SAN LORENZO Nº2
197.11.27.272,197.11.27,272-SAN LORENZO Nº3
194.11.27.272,194.11.27,272-SAN LORENZO Nº3
197.11.27.273,197.11.27,273-SAN LORENZO Nº1
194.11.27.273,194.11.27,273-SAN LORENZO Nº1
209.11.27.273,209.11.27,273-SAN LORENZO Nº1
214.11.27.273,214.11.27,273-SAN LORENZO Nº1
202.11.27.273,202.11.27,273-SAN LORENZO Nº1
197.11.27.392,197.11.27,392-SAN LORENZO Nº5
194.11.27.392,194.11.27,392-SAN LORENZO Nº5
197.11.29.274,197.11.29,274-VILLA ELISA Nº1
194.11.29.274,194.11.29,274-VILLA ELISA Nº1
197.11.29.376,197.11.29,376-VILLA ELISA Nº2
194.11.29.376,194.11.29,376-VILLA ELISA Nº2
197.11.29.395,197.11.29,395-VILLA ELISA Nº3
194.11.29.395,194.11.29,395-VILLA ELISA Nº3
209.11.29.395,209.11.29,395-VILLA ELISA Nº3
197.11.31.275,197.11.31,275-VILLETA
194.11.31.275,194.11.31,275-VILLETA
209.11.31.275,209.11.31,275-VILLETA
197.11.33.276,197.11.33,276-YPACARAI
194.11.33.276,194.11.33,276-YPACARAI
209.11.33.276,209.11.33,276-YPACARAI
197.11.35.277,197.11.35,277-YPANE
194.11.35.277,194.11.35,277-YPANE
209.11.35.277,209.11.35,277-YPANE
197.11.35.403,197.11.35,403-THOMPSON
194.11.35.403,194.11.35,403-THOMPSON
197.12.0.278,197.12.0,278-PILAR
194.12.0.278,194.12.0,278-PILAR
209.12.0.278,209.12.0,278-PILAR
214.12.0.278,214.12.0,278-PILAR
197.12.1.279,197.12.1,279-ALBERDI
194.12.1.279,194.12.1,279-ALBERDI
197.12.3.280,197.12.3,280-CERRITO
194.12.3.280,194.12.3,280-CERRITO
197.12.5.281,197.12.5,281-DESMOCHADO
194.12.5.281,194.12.5,281-DESMOCHADO
197.12.7.282,197.12.7,282-GRAL. JOSE E. DIAZ
194.12.7.282,194.12.7,282-GRAL. JOSE E. DIAZ
197.12.9.283,197.12.9,283-GUAZU CUA
194.12.9.283,194.12.9,283-GUAZU CUA
197.12.11.284,197.12.11,284-HUMAITA
194.12.11.284,194.12.11,284-HUMAITA
197.12.13.285,197.12.13,285-ISLA UMBU
194.12.13.285,194.12.13,285-ISLA UMBU
197.12.15.286,197.12.15,286-LAURELES
194.12.15.286,194.12.15,286-LAURELES
197.12.17.287,197.12.17,287-MAYOR MARTINEZ
194.12.17.287,194.12.17,287-MAYOR MARTINEZ
197.12.19.288,197.12.19,288-PASO DE PATRIA
194.12.19.288,194.12.19,288-PASO DE PATRIA
197.12.21.289,197.12.21,289-SAN JUAN BAUTISTA DEL NEEMBUCU
194.12.21.289,194.12.21,289-SAN JUAN BAUTISTA DEL NEEMBUCU
197.12.23.290,197.12.23,290-TACUARAS
194.12.23.290,194.12.23,290-TACUARAS
197.12.25.291,197.12.25,291-VILLA FRANCA
194.12.25.291,194.12.25,291-VILLA FRANCA
197.12.27.292,197.12.27,292-VILLA OLIVA
194.12.27.292,194.12.27,292-VILLA OLIVA
197.12.29.294,197.12.29,294-VILLALBIN
194.12.29.294,194.12.29,294-VILLALBIN
197.13.0.295,197.13.0,295-PEDRO JUAN CABALLERO
194.13.0.295,194.13.0,295-PEDRO JUAN CABALLERO
209.13.0.295,209.13.0,295-PEDRO JUAN CABALLERO
197.13.1.296,197.13.1,296-BELLA VISTA ( NORTE )
194.13.1.296,194.13.1,296-BELLA VISTA ( NORTE )
197.13.3.297,197.13.3,297-CAPITAN BADO
194.13.3.297,194.13.3,297-CAPITAN BADO
197.13.4.386,197.13.4,386-ZANJA PYTA
194.13.4.386,194.13.4,386-ZANJA PYTA
197.13.5.404,197.13.5,404-KARAPAI
194.13.5.404,194.13.5,404-KARAPAI
197.13.6.416,197.13.6,416-CERRO CORA
194.13.6.416,194.13.6,416-CERRO CORA
197.14.0.298,197.14.0,298-SALTO DEL GUAIRA
194.14.0.298,194.14.0,298-SALTO DEL GUAIRA
209.14.0.298,209.14.0,298-SALTO DEL GUAIRA
202.14.0.298,202.14.0,298-SALTO DEL GUAIRA
197.14.1.300,197.14.1,300-CORPUS CHRISTI
194.14.1.300,194.14.1,300-CORPUS CHRISTI
209.14.1.300,209.14.1,300-CORPUS CHRISTI
197.14.3.302,197.14.3,302-FRANCISCO CABALLERO ALVAREZ
194.14.3.302,194.14.3,302-FRANCISCO CABALLERO ALVAREZ
209.14.3.302,209.14.3,302-FRANCISCO CABALLERO ALVAREZ
197.14.5.303,197.14.5,303-ITANARA
194.14.5.303,194.14.5,303-ITANARA
197.14.7.304,197.14.7,304-CATUETE
194.14.7.304,194.14.7,304-CATUETE
209.14.7.304,209.14.7,304-CATUETE
197.14.9.305,197.14.9,305-LA PALOMA
194.14.9.305,194.14.9,305-LA PALOMA
197.14.11.306,197.14.11,306-NUEVA ESPERANZA
194.14.11.306,194.14.11,306-NUEVA ESPERANZA
209.14.11.306,209.14.11,306-NUEVA ESPERANZA
197.14.12.309,197.14.12,309-MARACANA
194.14.12.309,194.14.12,309-MARACANA
209.14.12.309,209.14.12,309-MARACANA
197.14.13.310,197.14.13,310-SAN ISIDRO CURUGUATY
194.14.13.310,194.14.13,310-SAN ISIDRO CURUGUATY
209.14.13.310,209.14.13,310-SAN ISIDRO CURUGUATY
214.14.13.310,214.14.13,310-SAN ISIDRO CURUGUATY
197.14.13.411,197.14.13,411-SANTA ROSA MI
194.14.13.411,194.14.13,411-SANTA ROSA MI
197.14.14.299,197.14.14,299-PUERTO ADELA
194.14.14.299,194.14.14,299-PUERTO ADELA
197.14.15.312,197.14.15,312-VILLA YGATIMI
194.14.15.312,194.14.15,312-VILLA YGATIMI
209.14.15.312,209.14.15,312-VILLA YGATIMI
197.14.15.465,197.14.15,465-KO’E PORA
194.14.15.465,194.14.15,465-KO’E PORA
197.14.16.307,197.14.16,307-YASY KAÑY
194.14.16.307,194.14.16,307-YASY KAÑY
209.14.16.307,209.14.16,307-YASY KAÑY
197.14.17.313,197.14.17,313-YPE JHU
194.14.17.313,194.14.17,313-YPE JHU
209.14.17.313,209.14.17,313-YPE JHU
197.14.18.301,197.14.18,301-YBYRAROVANA
194.14.18.301,194.14.18,301-YBYRAROVANA
209.14.18.301,209.14.18,301-YBYRAROVANA
197.14.19.308,197.14.19,308-BRITEZ CUE
194.14.19.308,194.14.19,308-BRITEZ CUE
209.14.19.308,209.14.19,308-BRITEZ CUE
197.14.19.311,197.14.19,311-YBY PYTA Nº2
194.14.19.311,194.14.19,311-YBY PYTA Nº2
203.14.19.311,203.14.19,311-YBY PYTA Nº2
197.14.19.410,197.14.19,410-YBY PYTA Nº1
194.14.19.410,194.14.19,410-YBY PYTA Nº1
197.14.20.417,197.14.20,417-LAUREL
194.14.20.417,194.14.20,417-LAUREL
197.15.0.314,197.15.0,314-VILLA HAYES
194.15.0.314,194.15.0,314-VILLA HAYES
209.15.0.314,209.15.0,314-VILLA HAYES
202.15.0.314,202.15.0,314-VILLA HAYES
197.15.0.315,197.15.0,315-REMANSITO
194.15.0.315,194.15.0,315-REMANSITO
209.15.0.315,209.15.0,315-REMANSITO
214.15.0.315,214.15.0,315-REMANSITO
197.15.0.325,197.15.0,325-POZO COLORADO
194.15.0.325,194.15.0,325-POZO COLORADO
203.15.0.325,203.15.0,325-POZO COLORADO
197.15.1.326,197.15.1,326-BENJAMIN ACEVAL
194.15.1.326,194.15.1,326-BENJAMIN ACEVAL
209.15.1.326,209.15.1,326-BENJAMIN ACEVAL
197.15.2.324,197.15.2,324-CAMPO ACEVAL
194.15.2.324,194.15.2,324-CAMPO ACEVAL
197.15.3.327,197.15.3,327-PUERTO JOSE FALCON
194.15.3.327,194.15.3,327-PUERTO JOSE FALCON
197.15.4.320,197.15.4,320-CADETE PANDO
194.15.4.320,194.15.4,320-CADETE PANDO
197.15.4.321,197.15.4,321-GRAL. BRUGUEZ
194.15.4.321,194.15.4,321-GRAL. BRUGUEZ
197.15.5.317,197.15.5,317-GASPAR RODRIGUEZ DE FRANCIA
194.15.5.317,194.15.5,317-GASPAR RODRIGUEZ DE FRANCIA
197.15.5.328,197.15.5,328-NANAWA
194.15.5.328,194.15.5,328-NANAWA
197.15.6.316,197.15.6,316-CHOCO-I
194.15.6.316,194.15.6,316-CHOCO-I
197.15.7.329,197.15.7,329-PINASCO
194.15.7.329,194.15.7,329-PINASCO
197.15.9.322,197.15.9,322-TTE. 1RO. IRALA FERNANDEZ
194.15.9.322,194.15.9,322-TTE. 1RO. IRALA FERNANDEZ
209.15.9.322,209.15.9,322-TTE. 1RO. IRALA FERNANDEZ
197.15.9.323,197.15.9,323-MARIA AUXILIADORA
194.15.9.323,194.15.9,323-MARIA AUXILIADORA
209.15.9.323,209.15.9,323-MARIA AUXILIADORA
197.15.11.318,197.15.11,318-FORTIN BERNARDINO CABALLERO
194.15.11.318,194.15.11,318-FORTIN BERNARDINO CABALLERO
197.15.11.319,197.15.11,319-FORTIN TENIENTE E. MARTINEZ
194.15.11.319,194.15.11,319-FORTIN TENIENTE E. MARTINEZ
197.16.0.330,197.16.0,330-FUERTE OLIMPO
194.16.0.330,194.16.0,330-FUERTE OLIMPO
209.16.0.330,209.16.0,330-FUERTE OLIMPO
197.16.0.333,197.16.0,333-PUERTO GUARANI
194.16.0.333,194.16.0,333-PUERTO GUARANI
197.16.1.334,197.16.1,334-PUERTO CASADO
194.16.1.334,194.16.1,334-PUERTO CASADO
197.16.2.335,197.16.2,335-CARMELO PERALTA
194.11.17.265,194.11.17,265-LUQUE Nº1
209.11.17.265,209.11.17,265-LUQUE Nº1
197.11.17.362,197.11.17,362-LUQUE Nº2
194.11.17.362,194.11.17,362-LUQUE Nº2
203.11.17.363,203.11.17,363-LUQUE Nº3
194.16.2.335,194.16.2,335-CARMELO PERALTA
197.16.2.336,197.16.2,336-PUERTO LA ESPERANZA (EX SASTRE)
194.16.2.336,194.16.2,336-PUERTO LA ESPERANZA (EX SASTRE)
197.16.3.331,197.16.3,331-BAHIA NEGRA
194.16.3.331,194.16.3,331-BAHIA NEGRA
197.17.0.337,197.17.0,337-FILADELFIA
194.17.0.337,194.17.0,337-FILADELFIA
209.17.0.337,209.17.0,337-FILADELFIA
197.17.1.360,197.17.1,360-LOMA PLATA
194.17.1.360,194.17.1,360-LOMA PLATA
209.17.1.360,209.17.1,360-LOMA PLATA
197.17.3.361,197.17.3,361-MCAL. ESTIGARRIBIA
194.17.3.361,194.17.3,361-MCAL. ESTIGARRIBIA
209.17.3.361,209.17.3,361-MCAL. ESTIGARRIBIA
214.17.3.361,214.17.3,361-MCAL. ESTIGARRIBIA
197.17.4.467,197.17.4,467-BOQUERON
194.17.4.467,194.17.4,467-BOQUERON
209.17.4.467,209.17.4,467-BOQUERON
194.18.1.338,194.18.1,338-BUENOS AIRES N°1
214.18.1.338,214.18.1,338-BUENOS AIRES N°1
197.18.1.339,197.18.1,339-BUENOS AIRES N°2
194.18.1.339,194.18.1,339-BUENOS AIRES N°2
197.18.1.340,197.18.1,340-LA MATANZA BS. AS.
194.18.1.340,194.18.1,340-LA MATANZA BS. AS.
197.18.1.341,197.18.1,341-LOMAS DE ZAMORA BS. AS.
194.18.1.341,194.18.1,341-LOMAS DE ZAMORA BS. AS.
197.18.1.344,197.18.1,344-LA PLATA
194.18.1.344,194.18.1,344-LA PLATA
197.18.2.348,197.18.2,348-NUEVA YORK
248.17.3.0,248.17.3,0-MCAL. ESTIGARRIBIA
248.17.4.0,248.17.4,0-BOQUERON
231.18.1.1,231.18.1,1-VILLA 31 - RETIRO
231.18.1.2,231.18.1,2-ALMIRANTE BROWN-GLEW
